Entity,Code,Year,Oil
Africa,OWID_AFR,1965,341.07257
Africa,OWID_AFR,1966,369.46457
Africa,OWID_AFR,1967,368.28156
Africa,OWID_AFR,1968,389.57162
Africa,OWID_AFR,1969,397.3726
Africa,OWID_AFR,1970,434.28757
Africa,OWID_AFR,1971,472.22516
Africa,OWID_AFR,1972,509.09583
Africa,OWID_AFR,1973,549.6427
Africa,OWID_AFR,1974,570.538
Africa,OWID_AFR,1975,598.6075
Africa,OWID_AFR,1976,651.3652
Africa,OWID_AFR,1977,692.9117
Africa,OWID_AFR,1978,730.7279
Africa,OWID_AFR,1979,770.22455
Africa,OWID_AFR,1980,818.9584
Africa,OWID_AFR,1981,887.7277
Africa,OWID_AFR,1982,930.6774
Africa,OWID_AFR,1983,964.2179
Africa,OWID_AFR,1984,978.6124
Africa,OWID_AFR,1985,1003.6883
Africa,OWID_AFR,1986,979.9832
Africa,OWID_AFR,1987,1037.7959
Africa,OWID_AFR,1988,1081.3895
Africa,OWID_AFR,1989,1117.3824
Africa,OWID_AFR,1990,1138.2854
Africa,OWID_AFR,1991,1142.5394
Africa,OWID_AFR,1992,1162.5455
Africa,OWID_AFR,1993,1175.4089
Africa,OWID_AFR,1994,1213.8041
Africa,OWID_AFR,1995,1253.9824
Africa,OWID_AFR,1996,1282.5608
Africa,OWID_AFR,1997,1322.649
Africa,OWID_AFR,1998,1351.2659
Africa,OWID_AFR,1999,1400.9159
Africa,OWID_AFR,2000,1408.781
Africa,OWID_AFR,2001,1431.3003
Africa,OWID_AFR,2002,1465.1776
Africa,OWID_AFR,2003,1499.0969
Africa,OWID_AFR,2004,1569.3588
Africa,OWID_AFR,2005,1643.527
Africa,OWID_AFR,2006,1669.9397
Africa,OWID_AFR,2007,1727.311
Africa,OWID_AFR,2008,1799.118
Africa,OWID_AFR,2009,1870.0795
Africa,OWID_AFR,2010,1958.0597
Africa,OWID_AFR,2011,1958.3862
Africa,OWID_AFR,2012,2105.0354
Africa,OWID_AFR,2013,2203.0942
Africa,OWID_AFR,2014,2253.4895
Africa,OWID_AFR,2015,2320.0535
Africa,OWID_AFR,2016,2315.4639
Africa,OWID_AFR,2017,2349.5767
Africa,OWID_AFR,2018,2337.529
Africa,OWID_AFR,2019,2364.799
Africa,OWID_AFR,2020,2145.362
Africa,OWID_AFR,2021,2333.0635
Africa,OWID_AFR,2022,2468.4685
Africa,OWID_AFR,2023,2474.7007
Africa,OWID_AFR,2024,2543.7734
Africa (EI),,1965,341.07257
Africa (EI),,1966,369.46457
Africa (EI),,1967,368.28156
Africa (EI),,1968,389.57162
Africa (EI),,1969,397.3726
Africa (EI),,1970,434.28757
Africa (EI),,1971,472.22516
Africa (EI),,1972,509.09583
Africa (EI),,1973,549.6427
Africa (EI),,1974,570.538
Africa (EI),,1975,598.6075
Africa (EI),,1976,651.3652
Africa (EI),,1977,692.9117
Africa (EI),,1978,730.7279
Africa (EI),,1979,770.22455
Africa (EI),,1980,818.9584
Africa (EI),,1981,887.7277
Africa (EI),,1982,930.6774
Africa (EI),,1983,964.2179
Africa (EI),,1984,978.6124
Africa (EI),,1985,1003.6883
Africa (EI),,1986,979.9832
Africa (EI),,1987,1037.7959
Africa (EI),,1988,1081.3895
Africa (EI),,1989,1117.3824
Africa (EI),,1990,1138.2854
Africa (EI),,1991,1142.5394
Africa (EI),,1992,1162.5455
Africa (EI),,1993,1175.4089
Africa (EI),,1994,1213.8041
Africa (EI),,1995,1253.9824
Africa (EI),,1996,1282.5608
Africa (EI),,1997,1322.649
Africa (EI),,1998,1351.2659
Africa (EI),,1999,1400.9159
Africa (EI),,2000,1408.781
Africa (EI),,2001,1431.3003
Africa (EI),,2002,1465.1776
Africa (EI),,2003,1499.0969
Africa (EI),,2004,1569.3588
Africa (EI),,2005,1643.527
Africa (EI),,2006,1669.9397
Africa (EI),,2007,1727.311
Africa (EI),,2008,1799.118
Africa (EI),,2009,1870.0795
Africa (EI),,2010,1958.0597
Africa (EI),,2011,1958.3862
Africa (EI),,2012,2105.0354
Africa (EI),,2013,2203.0942
Africa (EI),,2014,2253.4895
Africa (EI),,2015,2320.0535
Africa (EI),,2016,2315.4639
Africa (EI),,2017,2349.5767
Africa (EI),,2018,2337.529
Africa (EI),,2019,2364.799
Africa (EI),,2020,2145.362
Africa (EI),,2021,2333.0635
Africa (EI),,2022,2468.4685
Africa (EI),,2023,2474.7007
Africa (EI),,2024,2543.7734
Algeria,DZA,1965,15.4052515
Algeria,DZA,1966,20.272705
Algeria,DZA,1967,18.942032
Algeria,DZA,1968,20.167301
Algeria,DZA,1969,21.305931
Algeria,DZA,1970,24.34768
Algeria,DZA,1971,27.44005
Algeria,DZA,1972,30.121414
Algeria,DZA,1973,32.900345
Algeria,DZA,1974,36.54384
Algeria,DZA,1975,40.63067
Algeria,DZA,1976,46.71773
Algeria,DZA,1977,52.806496
Algeria,DZA,1978,54.607944
Algeria,DZA,1979,65.31862
Algeria,DZA,1980,66.20243
Algeria,DZA,1981,71.323074
Algeria,DZA,1982,75.57342
Algeria,DZA,1983,84.89242
Algeria,DZA,1984,94.00201
Algeria,DZA,1985,96.5538
Algeria,DZA,1986,98.021255
Algeria,DZA,1987,99.10052
Algeria,DZA,1988,99.1726
Algeria,DZA,1989,103.93666
Algeria,DZA,1990,111.811615
Algeria,DZA,1991,110.627785
Algeria,DZA,1992,111.292656
Algeria,DZA,1993,110.754875
Algeria,DZA,1994,106.050896
Algeria,DZA,1995,103.14229
Algeria,DZA,1996,98.42208
Algeria,DZA,1997,97.64342
Algeria,DZA,1998,100.65875
Algeria,DZA,1999,98.898346
Algeria,DZA,2000,103.13248
Algeria,DZA,2001,106.77533
Algeria,DZA,2002,118.397224
Algeria,DZA,2003,123.17412
Algeria,DZA,2004,128.74683
Algeria,DZA,2005,134.21338
Algeria,DZA,2006,139.84572
Algeria,DZA,2007,156.39
Algeria,DZA,2008,169.91591
Algeria,DZA,2009,180.13443
Algeria,DZA,2010,181.61191
Algeria,DZA,2011,192.22765
Algeria,DZA,2012,204.39526
Algeria,DZA,2013,213.57639
Algeria,DZA,2014,221.92514
Algeria,DZA,2015,236.14848
Algeria,DZA,2016,229.56384
Algeria,DZA,2017,225.51212
Algeria,DZA,2018,227.7859
Algeria,DZA,2019,236.9513
Algeria,DZA,2020,211.92545
Algeria,DZA,2021,221.2037
Algeria,DZA,2022,226.91005
Algeria,DZA,2023,238.2033
Algeria,DZA,2024,250.97054
Argentina,ARG,1965,275.2159
Argentina,ARG,1966,283.8763
Argentina,ARG,1967,290.73495
Argentina,ARG,1968,296.7972
Argentina,ARG,1969,308.01144
Argentina,ARG,1970,278.4355
Argentina,ARG,1971,296.50113
Argentina,ARG,1972,295.18622
Argentina,ARG,1973,297.19867
Argentina,ARG,1974,297.124
Argentina,ARG,1975,280.82806
Argentina,ARG,1976,290.2354
Argentina,ARG,1977,305.6577
Argentina,ARG,1978,299.6695
Argentina,ARG,1979,320.9211
Argentina,ARG,1980,298.28055
Argentina,ARG,1981,279.43146
Argentina,ARG,1982,268.86057
Argentina,ARG,1983,273.41653
Argentina,ARG,1984,260.50323
Argentina,ARG,1985,241.9803
Argentina,ARG,1986,250.56905
Argentina,ARG,1987,267.40317
Argentina,ARG,1988,269.00543
Argentina,ARG,1989,247.01988
Argentina,ARG,1990,230.57684
Argentina,ARG,1991,241.39496
Argentina,ARG,1992,253.73552
Argentina,ARG,1993,248.76807
Argentina,ARG,1994,263.91055
Argentina,ARG,1995,261.95877
Argentina,ARG,1996,261.80048
Argentina,ARG,1997,279.52618
Argentina,ARG,1998,289.11743
Argentina,ARG,1999,296.58893
Argentina,ARG,2000,269.79562
Argentina,ARG,2001,250.16501
Argentina,ARG,2002,236.54623
Argentina,ARG,2003,240.75447
Argentina,ARG,2004,261.0261
Argentina,ARG,2005,272.52386
Argentina,ARG,2006,286.84134
Argentina,ARG,2007,316.03925
Argentina,ARG,2008,318.08936
Argentina,ARG,2009,301.67108
Argentina,ARG,2010,325.73422
Argentina,ARG,2011,338.19656
Argentina,ARG,2012,360.93686
Argentina,ARG,2013,410.6305
Argentina,ARG,2014,393.0657
Argentina,ARG,2015,400.8621
Argentina,ARG,2016,389.2025
Argentina,ARG,2017,377.06842
Argentina,ARG,2018,356.3348
Argentina,ARG,2019,320.13205
Argentina,ARG,2020,282.3385
Argentina,ARG,2021,340.6155
Argentina,ARG,2022,383.51245
Argentina,ARG,2023,370.75543
Argentina,ARG,2024,339.03214
Asia,OWID_ASI,1965,2249.215
Asia,OWID_ASI,1966,2581.3262
Asia,OWID_ASI,1967,2914.7913
Asia,OWID_ASI,1968,3263.2776
Asia,OWID_ASI,1969,3828.2593
Asia,OWID_ASI,1970,4448.1787
Asia,OWID_ASI,1971,4877.737
Asia,OWID_ASI,1972,5359.248
Asia,OWID_ASI,1973,6035.336
Asia,OWID_ASI,1974,5968.0273
Asia,OWID_ASI,1975,6064.072
Asia,OWID_ASI,1976,6553.718
Asia,OWID_ASI,1977,6917.457
Asia,OWID_ASI,1978,7268.8726
Asia,OWID_ASI,1979,7446.092
Asia,OWID_ASI,1980,7003.635
Asia,OWID_ASI,1981,6928.203
Asia,OWID_ASI,1982,6931.045
Asia,OWID_ASI,1983,7244.8315
Asia,OWID_ASI,1984,7399.0015
Asia,OWID_ASI,1985,8200.466
Asia,OWID_ASI,1986,8378.057
Asia,OWID_ASI,1987,8769.788
Asia,OWID_ASI,1988,9369.528
Asia,OWID_ASI,1989,9777.934
Asia,OWID_ASI,1990,10285.836
Asia,OWID_ASI,1991,10685.878
Asia,OWID_ASI,1992,11305.446
Asia,OWID_ASI,1993,11764.931
Asia,OWID_ASI,1994,12373.638
Asia,OWID_ASI,1995,12971.222
Asia,OWID_ASI,1996,13536.183
Asia,OWID_ASI,1997,14186.285
Asia,OWID_ASI,1998,13918.754
Asia,OWID_ASI,1999,14333.619
Asia,OWID_ASI,2000,14925.476
Asia,OWID_ASI,2001,15062.202
Asia,OWID_ASI,2002,15434.177
Asia,OWID_ASI,2003,16057.086
Asia,OWID_ASI,2004,17079.238
Asia,OWID_ASI,2005,17395.297
Asia,OWID_ASI,2006,17868.775
Asia,OWID_ASI,2007,18382
Asia,OWID_ASI,2008,18597.172
Asia,OWID_ASI,2009,18687.225
Asia,OWID_ASI,2010,19837.582
Asia,OWID_ASI,2011,20370.314
Asia,OWID_ASI,2012,21265.395
Asia,OWID_ASI,2013,21675.94
Asia,OWID_ASI,2014,22036.23
Asia,OWID_ASI,2015,22830.945
Asia,OWID_ASI,2016,23681.215
Asia,OWID_ASI,2017,24337.588
Asia,OWID_ASI,2018,24807.426
Asia,OWID_ASI,2019,25046.203
Asia,OWID_ASI,2020,23627.764
Asia,OWID_ASI,2021,24458.723
Asia,OWID_ASI,2022,25288.162
Asia,OWID_ASI,2023,26503.283
Asia,OWID_ASI,2024,26750.393
Asia Pacific (EI),,1965,1948.4355
Asia Pacific (EI),,1966,2277.601
Asia Pacific (EI),,1967,2602.3276
Asia Pacific (EI),,1968,2945.1353
Asia Pacific (EI),,1969,3489.0818
Asia Pacific (EI),,1970,4104.7144
Asia Pacific (EI),,1971,4492.684
Asia Pacific (EI),,1972,4929.4224
Asia Pacific (EI),,1973,5546.783
Asia Pacific (EI),,1974,5453.4517
Asia Pacific (EI),,1975,5563.9253
Asia Pacific (EI),,1976,5937.7886
Asia Pacific (EI),,1977,6180.5054
Asia Pacific (EI),,1978,6473.2114
Asia Pacific (EI),,1979,6544.696
Asia Pacific (EI),,1980,6132.3696
Asia Pacific (EI),,1981,5949.7583
Asia Pacific (EI),,1982,5822.574
Asia Pacific (EI),,1983,5947.04
Asia Pacific (EI),,1984,5978.6846
Asia Pacific (EI),,1985,5998.865
Asia Pacific (EI),,1986,6192.077
Asia Pacific (EI),,1987,6495.1187
Asia Pacific (EI),,1988,7015.7373
Asia Pacific (EI),,1989,7411.17
Asia Pacific (EI),,1990,7788.351
Asia Pacific (EI),,1991,8179.211
Asia Pacific (EI),,1992,8733.086
Asia Pacific (EI),,1993,9125.602
Asia Pacific (EI),,1994,9634.299
Asia Pacific (EI),,1995,10246.429
Asia Pacific (EI),,1996,10777.198
Asia Pacific (EI),,1997,11307.56
Asia Pacific (EI),,1998,11075.611
Asia Pacific (EI),,1999,11544.042
Asia Pacific (EI),,2000,11940.552
Asia Pacific (EI),,2001,12025.795
Asia Pacific (EI),,2002,12307.096
Asia Pacific (EI),,2003,12831.1045
Asia Pacific (EI),,2004,13619.323
Asia Pacific (EI),,2005,13767.721
Asia Pacific (EI),,2006,14063.489
Asia Pacific (EI),,2007,14517.26
Asia Pacific (EI),,2008,14471.823
Asia Pacific (EI),,2009,14564.909
Asia Pacific (EI),,2010,15519.625
Asia Pacific (EI),,2011,15912.909
Asia Pacific (EI),,2012,16598.861
Asia Pacific (EI),,2013,16842.258
Asia Pacific (EI),,2014,17074.67
Asia Pacific (EI),,2015,17841.248
Asia Pacific (EI),,2016,18507.184
Asia Pacific (EI),,2017,19102.371
Asia Pacific (EI),,2018,19590.314
Asia Pacific (EI),,2019,19936.926
Asia Pacific (EI),,2020,18820.85
Asia Pacific (EI),,2021,19316.277
Asia Pacific (EI),,2022,19837.762
Asia Pacific (EI),,2023,20926.727
Asia Pacific (EI),,2024,21070.15
Australia,AUS,1965,200.01936
Australia,AUS,1966,214.04755
Australia,AUS,1967,234.38777
Australia,AUS,1968,255.28499
Australia,AUS,1969,262.44812
Australia,AUS,1970,290.1954
Australia,AUS,1971,305.54456
Australia,AUS,1972,311.03336
Australia,AUS,1973,331.89297
Australia,AUS,1974,351.73517
Australia,AUS,1975,348.1045
Australia,AUS,1976,355.82147
Australia,AUS,1977,372.60077
Australia,AUS,1978,380.9467
Australia,AUS,1979,385.9148
Australia,AUS,1980,367.7676
Australia,AUS,1981,362.41833
Australia,AUS,1982,356.84918
Australia,AUS,1983,340.71588
Australia,AUS,1984,349.9143
Australia,AUS,1985,351.52405
Australia,AUS,1986,345.65332
Australia,AUS,1987,353.0262
Australia,AUS,1988,369.83667
Australia,AUS,1989,384.1453
Australia,AUS,1990,392.90448
Australia,AUS,1991,381.25476
Australia,AUS,1992,388.77893
Australia,AUS,1993,402.41638
Australia,AUS,1994,415.6745
Australia,AUS,1995,427.7775
Australia,AUS,1996,439.01538
Australia,AUS,1997,446.05786
Australia,AUS,1998,445.97025
Australia,AUS,1999,456.154
Australia,AUS,2000,455.9816
Australia,AUS,2001,457.08533
Australia,AUS,2002,461.9748
Australia,AUS,2003,460.25992
Australia,AUS,2004,471.29572
Australia,AUS,2005,478.7019
Australia,AUS,2006,493.64178
Australia,AUS,2007,506.2703
Australia,AUS,2008,512.7159
Australia,AUS,2009,504.14078
Australia,AUS,2010,519.3061
Australia,AUS,2011,547.0603
Australia,AUS,2012,561.41907
Australia,AUS,2013,578.03705
Australia,AUS,2014,575.4282
Australia,AUS,2015,570.77856
Australia,AUS,2016,572.20135
Australia,AUS,2017,599.9491
Australia,AUS,2018,610.59534
Australia,AUS,2019,604.19867
Australia,AUS,2020,522.1727
Australia,AUS,2021,535.7199
Australia,AUS,2022,569.00037
Australia,AUS,2023,602.69604
Australia,AUS,2024,620.48303
Austria,AUT,1965,65.29748
Austria,AUT,1966,71.788864
Austria,AUT,1967,76.54811
Austria,AUT,1968,88.466064
Austria,AUT,1969,97.226
Austria,AUT,1970,107.04365
Austria,AUT,1971,119.607025
Austria,AUT,1972,129.12288
Austria,AUT,1973,139.92781
Austria,AUT,1974,125.22768
Austria,AUT,1975,126.55926
Austria,AUT,1976,137.41133
Austria,AUT,1977,131.58655
Austria,AUT,1978,141.56969
Austria,AUT,1979,147.40877
Austria,AUT,1980,143.88745
Austria,AUT,1981,130.63089
Austria,AUT,1982,123.90079
Austria,AUT,1983,120.07978
Austria,AUT,1984,116.79846
Austria,AUT,1985,116.98592
Austria,AUT,1986,123.2183
Austria,AUT,1987,126.86035
Austria,AUT,1988,125.97797
Austria,AUT,1989,124.222206
Austria,AUT,1990,127.430046
Austria,AUT,1991,136.87337
Austria,AUT,1992,134.13881
Austria,AUT,1993,136.78593
Austria,AUT,1994,134.74817
Austria,AUT,1995,135.62375
Austria,AUT,1996,147.85747
Austria,AUT,1997,147.18379
Austria,AUT,1998,155.29774
Austria,AUT,1999,147.58986
Austria,AUT,2000,145.70236
Austria,AUT,2001,155.1389
Austria,AUT,2002,157.87592
Austria,AUT,2003,167.63007
Austria,AUT,2004,170.16396
Austria,AUT,2005,170.74123
Austria,AUT,2006,169.86945
Austria,AUT,2007,163.24309
Austria,AUT,2008,158.70348
Austria,AUT,2009,149.56474
Austria,AUT,2010,154.07774
Austria,AUT,2011,145.06886
Austria,AUT,2012,142.3423
Austria,AUT,2013,145.6488
Austria,AUT,2014,141.40121
Austria,AUT,2015,142.84538
Austria,AUT,2016,146.15495
Austria,AUT,2017,146.42876
Austria,AUT,2018,148.91289
Austria,AUT,2019,153.20105
Austria,AUT,2020,133.02937
Austria,AUT,2021,140.2148
Austria,AUT,2022,135.03087
Austria,AUT,2023,134.10497
Austria,AUT,2024,131.87657
Azerbaijan,AZE,1985,97.18555
Azerbaijan,AZE,1986,101.817375
Azerbaijan,AZE,1987,95.82691
Azerbaijan,AZE,1988,98.14325
Azerbaijan,AZE,1989,95.70122
Azerbaijan,AZE,1990,100.39483
Azerbaijan,AZE,1991,96.80113
Azerbaijan,AZE,1992,94.319466
Azerbaijan,AZE,1993,94.05541
Azerbaijan,AZE,1994,86.15903
Azerbaijan,AZE,1995,77.6772
Azerbaijan,AZE,1996,69.77202
Azerbaijan,AZE,1997,66.40268
Azerbaijan,AZE,1998,69.87349
Azerbaijan,AZE,1999,67.24548
Azerbaijan,AZE,2000,74.69057
Azerbaijan,AZE,2001,47.59412
Azerbaijan,AZE,2002,43.6981
Azerbaijan,AZE,2003,50.912304
Azerbaijan,AZE,2004,54.5731
Azerbaijan,AZE,2005,63.79851
Azerbaijan,AZE,2006,57.11258
Azerbaijan,AZE,2007,56.47857
Azerbaijan,AZE,2008,44.338394
Azerbaijan,AZE,2009,37.846764
Azerbaijan,AZE,2010,37.243855
Azerbaijan,AZE,2011,48.970104
Azerbaijan,AZE,2012,51.289177
Azerbaijan,AZE,2013,55.715004
Azerbaijan,AZE,2014,54.860176
Azerbaijan,AZE,2015,55.601353
Azerbaijan,AZE,2016,55.19285
Azerbaijan,AZE,2017,55.699093
Azerbaijan,AZE,2018,62.74092
Azerbaijan,AZE,2019,63.158752
Azerbaijan,AZE,2020,57.7512
Azerbaijan,AZE,2021,65.33925
Azerbaijan,AZE,2022,69.2595
Azerbaijan,AZE,2023,72.10228
Azerbaijan,AZE,2024,70.99441
Bangladesh,BGD,1965,0
Bangladesh,BGD,1966,0
Bangladesh,BGD,1967,0
Bangladesh,BGD,1968,0
Bangladesh,BGD,1969,0
Bangladesh,BGD,1970,0
Bangladesh,BGD,1971,8.135291
Bangladesh,BGD,1972,9.919018
Bangladesh,BGD,1973,11.208105
Bangladesh,BGD,1974,11.659565
Bangladesh,BGD,1975,13.631796
Bangladesh,BGD,1976,14.748876
Bangladesh,BGD,1977,14.522806
Bangladesh,BGD,1978,15.460121
Bangladesh,BGD,1979,17.112337
Bangladesh,BGD,1980,19.291002
Bangladesh,BGD,1981,19.89294
Bangladesh,BGD,1982,19.62132
Bangladesh,BGD,1983,17.547495
Bangladesh,BGD,1984,17.682053
Bangladesh,BGD,1985,19.738766
Bangladesh,BGD,1986,21.275486
Bangladesh,BGD,1987,20.945486
Bangladesh,BGD,1988,20.984262
Bangladesh,BGD,1989,22.941954
Bangladesh,BGD,1990,22.227821
Bangladesh,BGD,1991,20.622862
Bangladesh,BGD,1992,23.004263
Bangladesh,BGD,1993,25.769167
Bangladesh,BGD,1994,26.85683
Bangladesh,BGD,1995,34.853485
Bangladesh,BGD,1996,35.606483
Bangladesh,BGD,1997,40.876934
Bangladesh,BGD,1998,45.055756
Bangladesh,BGD,1999,40.18385
Bangladesh,BGD,2000,39.487724
Bangladesh,BGD,2001,47.166737
Bangladesh,BGD,2002,42.876194
Bangladesh,BGD,2003,43.893665
Bangladesh,BGD,2004,45.732254
Bangladesh,BGD,2005,46.99634
Bangladesh,BGD,2006,47.271736
Bangladesh,BGD,2007,45.713196
Bangladesh,BGD,2008,45.39375
Bangladesh,BGD,2009,42.925915
Bangladesh,BGD,2010,47.633118
Bangladesh,BGD,2011,60.019775
Bangladesh,BGD,2012,68.356895
Bangladesh,BGD,2013,69.63952
Bangladesh,BGD,2014,76.66483
Bangladesh,BGD,2015,92.68446
Bangladesh,BGD,2016,96.11049
Bangladesh,BGD,2017,108.25354
Bangladesh,BGD,2018,124.19397
Bangladesh,BGD,2019,121.87268
Bangladesh,BGD,2020,102.776375
Bangladesh,BGD,2021,140.56749
Bangladesh,BGD,2022,166.14375
Bangladesh,BGD,2023,139.36922
Bangladesh,BGD,2024,160.46597
Belarus,BLR,1985,296.34036
Belarus,BLR,1986,350.11862
Belarus,BLR,1987,346.30624
Belarus,BLR,1988,335.46915
Belarus,BLR,1989,314.12692
Belarus,BLR,1990,311.8781
Belarus,BLR,1991,306.03107
Belarus,BLR,1992,228.17445
Belarus,BLR,1993,175.19223
Belarus,BLR,1994,142.89874
Belarus,BLR,1995,124.3167
Belarus,BLR,1996,122.273964
Belarus,BLR,1997,107.04149
Belarus,BLR,1998,101.113304
Belarus,BLR,1999,92.49213
Belarus,BLR,2000,91.4113
Belarus,BLR,2001,88.44919
Belarus,BLR,2002,93.12623
Belarus,BLR,2003,94.28708
Belarus,BLR,2004,92.36583
Belarus,BLR,2005,85.993576
Belarus,BLR,2006,100.91063
Belarus,BLR,2007,91.78464
Belarus,BLR,2008,91.367065
Belarus,BLR,2009,105.46239
Belarus,BLR,2010,90.62383
Belarus,BLR,2011,98.655045
Belarus,BLR,2012,121.07967
Belarus,BLR,2013,90.81036
Belarus,BLR,2014,93.06433
Belarus,BLR,2015,78.40431
Belarus,BLR,2016,84.303665
Belarus,BLR,2017,83.84049
Belarus,BLR,2018,97.42405
Belarus,BLR,2019,99.32728
Belarus,BLR,2020,95.60984
Belarus,BLR,2021,97.09465
Belarus,BLR,2022,92.66208
Belarus,BLR,2023,91.93819
Belarus,BLR,2024,92.522575
Belgium,BEL,1965,188.46475
Belgium,BEL,1966,192.26031
Belgium,BEL,1967,212.03163
Belgium,BEL,1968,246.15923
Belgium,BEL,1969,284.00696
Belgium,BEL,1970,309.81564
Belgium,BEL,1971,317.50644
Belgium,BEL,1972,343.47247
Belgium,BEL,1973,360.6343
Belgium,BEL,1974,317.68402
Belgium,BEL,1975,301.48972
Belgium,BEL,1976,314.48248
Belgium,BEL,1977,309.30972
Belgium,BEL,1978,330.0505
Belgium,BEL,1979,328.01733
Belgium,BEL,1980,303.17267
Belgium,BEL,1981,277.88095
Belgium,BEL,1982,263.12488
Belgium,BEL,1983,238.75551
Belgium,BEL,1984,231.01208
Belgium,BEL,1985,234.47888
Belgium,BEL,1986,264.9442
Belgium,BEL,1987,266.84842
Belgium,BEL,1988,275.22708
Belgium,BEL,1989,270.30557
Belgium,BEL,1990,279.09064
Belgium,BEL,1991,299.26675
Belgium,BEL,1992,305.2735
Belgium,BEL,1993,300.30597
Belgium,BEL,1994,326.46335
Belgium,BEL,1995,325.2659
Belgium,BEL,1996,352.25375
Belgium,BEL,1997,360.9306
Belgium,BEL,1998,365.943
Belgium,BEL,1999,353.81247
Belgium,BEL,2000,359.53516
Belgium,BEL,2001,365.03632
Belgium,BEL,2002,366.56335
Belgium,BEL,2003,387.41565
Belgium,BEL,2004,392.1216
Belgium,BEL,2005,389.98648
Belgium,BEL,2006,388.7428
Belgium,BEL,2007,392.62918
Belgium,BEL,2008,411.8414
Belgium,BEL,2009,360.922
Belgium,BEL,2010,374.98312
Belgium,BEL,2011,350.51743
Belgium,BEL,2012,337.58096
Belgium,BEL,2013,345.84137
Belgium,BEL,2014,338.91125
Belgium,BEL,2015,348.06155
Belgium,BEL,2016,352.99054
Belgium,BEL,2017,357.47388
Belgium,BEL,2018,383.168
Belgium,BEL,2019,358.85614
Belgium,BEL,2020,307.18332
Belgium,BEL,2021,341.012
Belgium,BEL,2022,331.8721
Belgium,BEL,2023,320.74048
Belgium,BEL,2024,326.7497
Brazil,BRA,1965,177.73058
Brazil,BRA,1966,193.79759
Brazil,BRA,1967,199.99173
Brazil,BRA,1968,240.19615
Brazil,BRA,1969,263.56772
Brazil,BRA,1970,314.02188
Brazil,BRA,1971,342.9215
Brazil,BRA,1972,394.3907
Brazil,BRA,1973,479.14383
Brazil,BRA,1974,527.1006
Brazil,BRA,1975,541.39404
Brazil,BRA,1976,582.4513
Brazil,BRA,1977,597.42
Brazil,BRA,1978,651.6827
Brazil,BRA,1979,683.75385
Brazil,BRA,1980,672.82336
Brazil,BRA,1981,634.0464
Brazil,BRA,1982,647.4372
Brazil,BRA,1983,603.86804
Brazil,BRA,1984,607.2174
Brazil,BRA,1985,625.4869
Brazil,BRA,1986,675.0955
Brazil,BRA,1987,691.2001
Brazil,BRA,1988,709.9726
Brazil,BRA,1989,720.3111
Brazil,BRA,1990,716.19495
Brazil,BRA,1991,727.4715
Brazil,BRA,1992,736.12915
Brazil,BRA,1993,768.92944
Brazil,BRA,1994,809.6257
Brazil,BRA,1995,860.1931
Brazil,BRA,1996,926.7676
Brazil,BRA,1997,999.6485
Brazil,BRA,1998,1052.7144
Brazil,BRA,1999,1059.6798
Brazil,BRA,2000,1098.5857
Brazil,BRA,2001,1105.8911
Brazil,BRA,2002,1079.3092
Brazil,BRA,2003,1039.9338
Brazil,BRA,2004,1075.8806
Brazil,BRA,2005,1094.3431
Brazil,BRA,2006,1120.918
Brazil,BRA,2007,1175.956
Brazil,BRA,2008,1228.8926
Brazil,BRA,2009,1225.7334
Brazil,BRA,2010,1309.8794
Brazil,BRA,2011,1372.3699
Brazil,BRA,2012,1447.9652
Brazil,BRA,2013,1498.0181
Brazil,BRA,2014,1540.8109
Brazil,BRA,2015,1455.0435
Brazil,BRA,2016,1379.5802
Brazil,BRA,2017,1388.8522
Brazil,BRA,2018,1317.6311
Brazil,BRA,2019,1335.6631
Brazil,BRA,2020,1257.6509
Brazil,BRA,2021,1337.8044
Brazil,BRA,2022,1390.1484
Brazil,BRA,2023,1425.2002
Brazil,BRA,2024,1427.7328
Bulgaria,BGR,1965,43.71547
Bulgaria,BGR,1966,49.874107
Bulgaria,BGR,1967,62.72245
Bulgaria,BGR,1968,74.33811
Bulgaria,BGR,1969,91.278786
Bulgaria,BGR,1970,106.039246
Bulgaria,BGR,1971,116.62912
Bulgaria,BGR,1972,121.28458
Bulgaria,BGR,1973,127.88814
Bulgaria,BGR,1974,132.98701
Bulgaria,BGR,1975,140.9609
Bulgaria,BGR,1976,146.48643
Bulgaria,BGR,1977,152.28668
Bulgaria,BGR,1978,156.79785
Bulgaria,BGR,1979,161.55994
Bulgaria,BGR,1980,165.02052
Bulgaria,BGR,1981,147.08585
Bulgaria,BGR,1982,142.53188
Bulgaria,BGR,1983,137.64603
Bulgaria,BGR,1984,132.17894
Bulgaria,BGR,1985,122.13932
Bulgaria,BGR,1986,128.74698
Bulgaria,BGR,1987,123.71196
Bulgaria,BGR,1988,131.34586
Bulgaria,BGR,1989,128.12546
Bulgaria,BGR,1990,118.9007
Bulgaria,BGR,1991,79.400375
Bulgaria,BGR,1992,71.27457
Bulgaria,BGR,1993,77.613
Bulgaria,BGR,1994,73.34055
Bulgaria,BGR,1995,75.31128
Bulgaria,BGR,1996,69.351074
Bulgaria,BGR,1997,54.51871
Bulgaria,BGR,1998,57.887005
Bulgaria,BGR,1999,53.773804
Bulgaria,BGR,2000,50.755096
Bulgaria,BGR,2001,52.527763
Bulgaria,BGR,2002,52.79946
Bulgaria,BGR,2003,55.72604
Bulgaria,BGR,2004,53.974884
Bulgaria,BGR,2005,59.339947
Bulgaria,BGR,2006,60.025085
Bulgaria,BGR,2007,58.884953
Bulgaria,BGR,2008,57.866554
Bulgaria,BGR,2009,52.825085
Bulgaria,BGR,2010,47.891857
Bulgaria,BGR,2011,45.732883
Bulgaria,BGR,2012,47.573124
Bulgaria,BGR,2013,44.21495
Bulgaria,BGR,2014,47.711754
Bulgaria,BGR,2015,53.301296
Bulgaria,BGR,2016,54.210262
Bulgaria,BGR,2017,56.917366
Bulgaria,BGR,2018,56.655537
Bulgaria,BGR,2019,59.417183
Bulgaria,BGR,2020,53.383244
Bulgaria,BGR,2021,56.07793
Bulgaria,BGR,2022,59.941475
Bulgaria,BGR,2023,59.370625
Bulgaria,BGR,2024,61.19366
CIS (EI),,1965,1994.8496
CIS (EI),,1966,2136.2473
CIS (EI),,1967,2327.5437
CIS (EI),,1968,2481.1162
CIS (EI),,1969,2638.379
CIS (EI),,1970,2904.4417
CIS (EI),,1971,3079.17
CIS (EI),,1972,3339.661
CIS (EI),,1973,3590.3984
CIS (EI),,1974,3944.1707
CIS (EI),,1975,4134.5967
CIS (EI),,1976,4248.6206
CIS (EI),,1977,4418.7495
CIS (EI),,1978,4689.1055
CIS (EI),,1979,4771.3433
CIS (EI),,1980,5001.7017
CIS (EI),,1981,5045.3105
CIS (EI),,1982,5008.4785
CIS (EI),,1983,4935.318
CIS (EI),,1984,4936.03
CIS (EI),,1985,3917.5063
CIS (EI),,1986,3967.7454
CIS (EI),,1987,3977.7102
CIS (EI),,1988,3953.7275
CIS (EI),,1989,3984.6821
CIS (EI),,1990,4011.184
CIS (EI),,1991,3867.1116
CIS (EI),,1992,3585.483
CIS (EI),,1993,2957.6985
CIS (EI),,1994,2563.5613
CIS (EI),,1995,2262.131
CIS (EI),,1996,1989.9355
CIS (EI),,1997,1966.178
CIS (EI),,1998,1875.1455
CIS (EI),,1999,1866.2653
CIS (EI),,2000,1879.9559
CIS (EI),,2001,1881.1266
CIS (EI),,2002,1838.8534
CIS (EI),,2003,1898.6587
CIS (EI),,2004,1902.9645
CIS (EI),,2005,1898.4327
CIS (EI),,2006,2003.969
CIS (EI),,2007,1994.7599
CIS (EI),,2008,2051.6785
CIS (EI),,2009,1945.0535
CIS (EI),,2010,1999.0259
CIS (EI),,2011,2167.235
CIS (EI),,2012,2291.0554
CIS (EI),,2013,2257.5574
CIS (EI),,2014,2362.4524
CIS (EI),,2015,2258.6672
CIS (EI),,2016,2333.0134
CIS (EI),,2017,2305.9246
CIS (EI),,2018,2370.9392
CIS (EI),,2019,2402.9075
CIS (EI),,2020,2327.852
CIS (EI),,2021,2476.7568
CIS (EI),,2022,2540.2297
CIS (EI),,2023,2633.9883
CIS (EI),,2024,2692.58
Canada,CAN,1965,642.81793
Canada,CAN,1966,677.2622
Canada,CAN,1967,723.1062
Canada,CAN,1968,769.79315
Canada,CAN,1969,801.5453
Canada,CAN,1970,854.8003
Canada,CAN,1971,877.8504
Canada,CAN,1972,924.3329
Canada,CAN,1973,1009.6328
Canada,CAN,1974,1027.002
Canada,CAN,1975,1013.2218
Canada,CAN,1976,1037.8885
Canada,CAN,1977,1046.0139
Canada,CAN,1978,1079.6921
Canada,CAN,1979,1121.5848
Canada,CAN,1980,1101.6031
Canada,CAN,1981,1043.3729
Canada,CAN,1982,947.2694
Canada,CAN,1983,890.69574
Canada,CAN,1984,899.10645
Canada,CAN,1985,903.0235
Canada,CAN,1986,923.06506
Canada,CAN,1987,952.62946
Canada,CAN,1988,1002.7983
Canada,CAN,1989,1041.8708
Canada,CAN,1990,962.80804
Canada,CAN,1991,912.6727
Canada,CAN,1992,936.4967
Canada,CAN,1993,948.5795
Canada,CAN,1994,968.85803
Canada,CAN,1995,1016.6471
Canada,CAN,1996,1041.7711
Canada,CAN,1997,1073.6844
Canada,CAN,1998,1094.4218
Canada,CAN,1999,1115.5518
Canada,CAN,2000,1109.1815
Canada,CAN,2001,1140.4631
Canada,CAN,2002,1183.052
Canada,CAN,2003,1227.1875
Canada,CAN,2004,1280.9209
Canada,CAN,2005,1249.1073
Canada,CAN,2006,1154.0778
Canada,CAN,2007,1292.9395
Canada,CAN,2008,1247.8242
Canada,CAN,2009,1217.4233
Canada,CAN,2010,1274.5822
Canada,CAN,2011,1274.0273
Canada,CAN,2012,1281.3368
Canada,CAN,2013,1283.0155
Canada,CAN,2014,1276.0674
Canada,CAN,2015,1280.1887
Canada,CAN,2016,1265.299
Canada,CAN,2017,1251.9794
Canada,CAN,2018,1293.8148
Canada,CAN,2019,1289.5511
Canada,CAN,2020,1114.1469
Canada,CAN,2021,1143.6666
Canada,CAN,2022,1187.0807
Canada,CAN,2023,1194.1416
Canada,CAN,2024,1209.1987
Central America (EI),,1965,39.865334
Central America (EI),,1966,41.064636
Central America (EI),,1967,42.675953
Central America (EI),,1968,44.016434
Central America (EI),,1969,45.739628
Central America (EI),,1970,47.50745
Central America (EI),,1971,49.296165
Central America (EI),,1972,52.13576
Central America (EI),,1973,57.411846
Central America (EI),,1974,60.82198
Central America (EI),,1975,68.03287
Central America (EI),,1976,71.18626
Central America (EI),,1977,76.00574
Central America (EI),,1978,77.0153
Central America (EI),,1979,77.780716
Central America (EI),,1980,72.57431
Central America (EI),,1981,70.22114
Central America (EI),,1982,70.169014
Central America (EI),,1983,69.11781
Central America (EI),,1984,70.41047
Central America (EI),,1985,71.702484
Central America (EI),,1986,71.42042
Central America (EI),,1987,76.77368
Central America (EI),,1988,74.58538
Central America (EI),,1989,77.88276
Central America (EI),,1990,80.38896
Central America (EI),,1991,87.677605
Central America (EI),,1992,99.70167
Central America (EI),,1993,106.46472
Central America (EI),,1994,116.51128
Central America (EI),,1995,129.07956
Central America (EI),,1996,126.04053
Central America (EI),,1997,136.65079
Central America (EI),,1998,156.64503
Central America (EI),,1999,154.50114
Central America (EI),,2000,157.79146
Central America (EI),,2001,168.97508
Central America (EI),,2002,170.53511
Central America (EI),,2003,177.95317
Central America (EI),,2004,183.11765
Central America (EI),,2005,181.9275
Central America (EI),,2006,192.47893
Central America (EI),,2007,202.092
Central America (EI),,2008,204.34772
Central America (EI),,2009,202.19789
Central America (EI),,2010,204.7022
Central America (EI),,2011,209.94049
Central America (EI),,2012,213.69728
Central America (EI),,2013,215.85065
Central America (EI),,2014,221.90546
Central America (EI),,2015,244.12624
Central America (EI),,2016,253.62859
Central America (EI),,2017,261.6185
Central America (EI),,2018,259.11215
Central America (EI),,2019,281.4277
Central America (EI),,2020,221.12813
Central America (EI),,2021,251.97072
Central America (EI),,2022,266.17844
Central America (EI),,2023,282.1778
Central America (EI),,2024,293.0598
Chile,CHL,1965,41.014145
Chile,CHL,1966,44.942955
Chile,CHL,1967,46.931915
Chile,CHL,1968,49.473736
Chile,CHL,1969,52.70953
Chile,CHL,1970,55.66466
Chile,CHL,1971,61.719658
Chile,CHL,1972,63.9477
Chile,CHL,1973,61.419968
Chile,CHL,1974,59.826385
Chile,CHL,1975,52.450928
Chile,CHL,1976,54.49116
Chile,CHL,1977,56.65704
Chile,CHL,1978,60.19117
Chile,CHL,1979,62.90213
Chile,CHL,1980,63.652122
Chile,CHL,1981,63.548195
Chile,CHL,1982,58.228638
Chile,CHL,1983,57.603676
Chile,CHL,1984,56.838863
Chile,CHL,1985,54.993565
Chile,CHL,1986,58.100857
Chile,CHL,1987,60.680458
Chile,CHL,1988,67.06808
Chile,CHL,1989,75.09224
Chile,CHL,1990,79.35556
Chile,CHL,1991,88.48297
Chile,CHL,1992,95.84964
Chile,CHL,1993,104.486534
Chile,CHL,1994,112.2142
Chile,CHL,1995,123.3562
Chile,CHL,1996,130.98291
Chile,CHL,1997,140.88297
Chile,CHL,1998,144.0185
Chile,CHL,1999,145.66054
Chile,CHL,2000,139.07542
Chile,CHL,2001,135.44453
Chile,CHL,2002,137.69225
Chile,CHL,2003,136.51785
Chile,CHL,2004,150.5013
Chile,CHL,2005,155.2119
Chile,CHL,2006,160.48915
Chile,CHL,2007,200.30363
Chile,CHL,2008,211.0859
Chile,CHL,2009,198.59944
Chile,CHL,2010,182.12953
Chile,CHL,2011,189.07631
Chile,CHL,2012,196.13608
Chile,CHL,2013,195.0727
Chile,CHL,2014,193.4745
Chile,CHL,2015,190.19441
Chile,CHL,2016,200.91751
Chile,CHL,2017,204.00139
Chile,CHL,2018,211.3997
Chile,CHL,2019,210.55197
Chile,CHL,2020,192.55576
Chile,CHL,2021,211.37491
Chile,CHL,2022,228.23827
Chile,CHL,2023,225.66283
Chile,CHL,2024,238.19644
China,CHN,1965,129.06253
China,CHN,1966,165.79991
China,CHN,1967,163.69286
China,CHN,1968,179.03458
China,CHN,1969,240.04433
China,CHN,1970,332.04556
China,CHN,1971,451.57767
China,CHN,1972,519.69653
China,CHN,1973,633.9831
China,CHN,1974,729.073
China,CHN,1975,804.07825
China,CHN,1976,919.1864
China,CHN,1977,971.04175
China,CHN,1978,1076.637
China,CHN,1979,1079.2996
China,CHN,1980,972.5329
China,CHN,1981,921.53076
China,CHN,1982,911.753
China,CHN,1983,930.0993
China,CHN,1984,964.89026
China,CHN,1985,1010.6004
China,CHN,1986,1074.4205
China,CHN,1987,1142.2338
China,CHN,1988,1229.3582
China,CHN,1989,1287.7268
China,CHN,1990,1274.5725
China,CHN,1991,1379.1438
China,CHN,1992,1495.912
China,CHN,1993,1663.7761
China,CHN,1994,1690.6384
China,CHN,1995,1825.6307
China,CHN,1996,2023.0287
China,CHN,1997,2221.5454
China,CHN,1998,2287.5908
China,CHN,1999,2437.2449
China,CHN,2000,2626.896
China,CHN,2001,2683.249
China,CHN,2002,2895.598
China,CHN,2003,3234.7625
China,CHN,2004,3777.772
China,CHN,2005,3838.4873
China,CHN,2006,4116.769
China,CHN,2007,4313.5674
China,CHN,2008,4408.092
China,CHN,2009,4580.2983
China,CHN,2010,5214.49
China,CHN,2011,5390.7334
China,CHN,2012,5654.2993
China,CHN,2013,5907.4697
China,CHN,2014,6142.5166
China,CHN,2015,6609.8955
China,CHN,2016,6823.5786
China,CHN,2017,7183.172
China,CHN,2018,7528.741
China,CHN,2019,7891.5103
China,CHN,2020,7959.667
China,CHN,2021,8174.0947
China,CHN,2022,8198.393
China,CHN,2023,9091.228
China,CHN,2024,8964.054
Colombia,COL,1965,54.81988
Colombia,COL,1966,65.52585
Colombia,COL,1967,65.62976
Colombia,COL,1968,70.64008
Colombia,COL,1969,67.85545
Colombia,COL,1970,76.955696
Colombia,COL,1971,79.72807
Colombia,COL,1972,94.19158
Colombia,COL,1973,86.37416
Colombia,COL,1974,95.579155
Colombia,COL,1975,83.72641
Colombia,COL,1976,88.36318
Colombia,COL,1977,90.42546
Colombia,COL,1978,89.24454
Colombia,COL,1979,90.73787
Colombia,COL,1980,90.631485
Colombia,COL,1981,91.13236
Colombia,COL,1982,90.20119
Colombia,COL,1983,93.80195
Colombia,COL,1984,90.141556
Colombia,COL,1985,92.12477
Colombia,COL,1986,93.89373
Colombia,COL,1987,99.94208
Colombia,COL,1988,104.761086
Colombia,COL,1989,107.60375
Colombia,COL,1990,114.30004
Colombia,COL,1991,114.3731
Colombia,COL,1992,124.484375
Colombia,COL,1993,128.17464
Colombia,COL,1994,134.27097
Colombia,COL,1995,144.16035
Colombia,COL,1996,153.02666
Colombia,COL,1997,152.27388
Colombia,COL,1998,151.26253
Colombia,COL,1999,135.5822
Colombia,COL,2000,132.67795
Colombia,COL,2001,131.99512
Colombia,COL,2002,130.75987
Colombia,COL,2003,130.62411
Colombia,COL,2004,141.36633
Colombia,COL,2005,140.03333
Colombia,COL,2006,149.5254
Colombia,COL,2007,153.0895
Colombia,COL,2008,150.89616
Colombia,COL,2009,151.37347
Colombia,COL,2010,159.77957
Colombia,COL,2011,168.5069
Colombia,COL,2012,180.10788
Colombia,COL,2013,188.60779
Colombia,COL,2014,199.76581
Colombia,COL,2015,200.19046
Colombia,COL,2016,224.96028
Colombia,COL,2017,221.97697
Colombia,COL,2018,232.51573
Colombia,COL,2019,231.36017
Colombia,COL,2020,192.89186
Colombia,COL,2021,227.32788
Colombia,COL,2022,266.85062
Colombia,COL,2023,254.75197
Colombia,COL,2024,252.61028
Croatia,HRV,1990,54.275616
Croatia,HRV,1991,38.496254
Croatia,HRV,1992,38.496254
Croatia,HRV,1993,40.6735
Croatia,HRV,1994,41.96201
Croatia,HRV,1995,46.48947
Croatia,HRV,1996,44.09095
Croatia,HRV,1997,47.088192
Croatia,HRV,1998,53.074535
Croatia,HRV,1999,52.55279
Croatia,HRV,2000,46.74931
Croatia,HRV,2001,47.907486
Croatia,HRV,2002,50.18211
Croatia,HRV,2003,55.533672
Croatia,HRV,2004,52.103424
Croatia,HRV,2005,53.632507
Croatia,HRV,2006,54.472057
Croatia,HRV,2007,55.770203
Croatia,HRV,2008,52.884552
Croatia,HRV,2009,51.64974
Croatia,HRV,2010,43.88788
Croatia,HRV,2011,41.734562
Croatia,HRV,2012,37.400105
Croatia,HRV,2013,35.97752
Croatia,HRV,2014,37.662575
Croatia,HRV,2015,39.127132
Croatia,HRV,2016,39.293175
Croatia,HRV,2017,42.001553
Croatia,HRV,2018,40.695423
Croatia,HRV,2019,39.723515
Croatia,HRV,2020,34.046947
Croatia,HRV,2021,35.994972
Croatia,HRV,2022,39.39885
Croatia,HRV,2023,43.714005
Croatia,HRV,2024,47.036217
Cyprus,CYP,1965,4.68025
Cyprus,CYP,1966,5.338632
Cyprus,CYP,1967,5.7872543
Cyprus,CYP,1968,6.427252
Cyprus,CYP,1969,7.5897937
Cyprus,CYP,1970,8.004829
Cyprus,CYP,1971,9.548514
Cyprus,CYP,1972,10.737023
Cyprus,CYP,1973,11.51917
Cyprus,CYP,1974,10.213084
Cyprus,CYP,1975,8.53023
Cyprus,CYP,1976,8.673059
Cyprus,CYP,1977,9.796984
Cyprus,CYP,1978,10.044486
Cyprus,CYP,1979,10.192833
Cyprus,CYP,1980,10.278665
Cyprus,CYP,1981,9.8561945
Cyprus,CYP,1982,11.813791
Cyprus,CYP,1983,12.43068
Cyprus,CYP,1984,12.612489
Cyprus,CYP,1985,12.483789
Cyprus,CYP,1986,13.480528
Cyprus,CYP,1987,15.873595
Cyprus,CYP,1988,16.996016
Cyprus,CYP,1989,17.556082
Cyprus,CYP,1990,18.565105
Cyprus,CYP,1991,18.988806
Cyprus,CYP,1992,21.831388
Cyprus,CYP,1993,22.876078
Cyprus,CYP,1994,22.61588
Cyprus,CYP,1995,23.986263
Cyprus,CYP,1996,24.441818
Cyprus,CYP,1997,24.967743
Cyprus,CYP,1998,27.283787
Cyprus,CYP,1999,28.60156
Cyprus,CYP,2000,29.842424
Cyprus,CYP,2001,29.993261
Cyprus,CYP,2002,29.674215
Cyprus,CYP,2003,31.57658
Cyprus,CYP,2004,30.714468
Cyprus,CYP,2005,34.478428
Cyprus,CYP,2006,34.05662
Cyprus,CYP,2007,34.647247
Cyprus,CYP,2008,35.382416
Cyprus,CYP,2009,34.592304
Cyprus,CYP,2010,33.503963
Cyprus,CYP,2011,32.946396
Cyprus,CYP,2012,30.689985
Cyprus,CYP,2013,27.186855
Cyprus,CYP,2014,27.26966
Cyprus,CYP,2015,27.930635
Cyprus,CYP,2016,30.465368
Cyprus,CYP,2017,31.275581
Cyprus,CYP,2018,30.944674
Cyprus,CYP,2019,30.785168
Cyprus,CYP,2020,26.229921
Cyprus,CYP,2021,27.052002
Cyprus,CYP,2022,28.74101
Cyprus,CYP,2023,28.66776
Cyprus,CYP,2024,29.393896
Czechia,CZE,1965,47.046886
Czechia,CZE,1966,51.94198
Czechia,CZE,1967,57.79913
Czechia,CZE,1968,63.84015
Czechia,CZE,1969,68.492935
Czechia,CZE,1970,82.32865
Czechia,CZE,1971,90.63971
Czechia,CZE,1972,99.17102
Czechia,CZE,1973,111.4943
Czechia,CZE,1974,114.321106
Czechia,CZE,1975,126.14466
Czechia,CZE,1976,133.33148
Czechia,CZE,1977,139.49129
Czechia,CZE,1978,144.35347
Czechia,CZE,1979,146.70984
Czechia,CZE,1980,136.44553
Czechia,CZE,1981,134.55257
Czechia,CZE,1982,123.24367
Czechia,CZE,1983,120.67317
Czechia,CZE,1984,128.27829
Czechia,CZE,1985,125.86781
Czechia,CZE,1986,120.88828
Czechia,CZE,1987,121.3741
Czechia,CZE,1988,116.66191
Czechia,CZE,1989,111.41667
Czechia,CZE,1990,100.62565
Czechia,CZE,1991,84.19088
Czechia,CZE,1992,80.68122
Czechia,CZE,1993,81.68364
Czechia,CZE,1994,84.47287
Czechia,CZE,1995,95.19518
Czechia,CZE,1996,99.64469
Czechia,CZE,1997,95.02331
Czechia,CZE,1998,98.08546
Czechia,CZE,1999,97.63968
Czechia,CZE,2000,94.42909
Czechia,CZE,2001,99.91983
Czechia,CZE,2002,96.75073
Czechia,CZE,2003,103.53131
Czechia,CZE,2004,114.085014
Czechia,CZE,2005,119.15711
Czechia,CZE,2006,117.510414
Czechia,CZE,2007,116.69226
Czechia,CZE,2008,117.231865
Czechia,CZE,2009,113.17898
Czechia,CZE,2010,106.87343
Czechia,CZE,2011,108.28204
Czechia,CZE,2012,106.93589
Czechia,CZE,2013,102.03872
Czechia,CZE,2014,107.97657
Czechia,CZE,2015,104.87653
Czechia,CZE,2016,98.47254
Czechia,CZE,2017,115.295975
Czechia,CZE,2018,116.113846
Czechia,CZE,2019,117.60352
Czechia,CZE,2020,102.484436
Czechia,CZE,2021,112.96381
Czechia,CZE,2022,108.5069
Czechia,CZE,2023,107.82444
Czechia,CZE,2024,112.904594
Denmark,DNK,1965,123.12545
Denmark,DNK,1966,140.2377
Denmark,DNK,1967,148.31645
Denmark,DNK,1968,161.21199
Denmark,DNK,1969,193.82655
Denmark,DNK,1970,215.5996
Denmark,DNK,1971,212.84607
Denmark,DNK,1972,225.19148
Denmark,DNK,1973,208.22063
Denmark,DNK,1974,188.51405
Denmark,DNK,1975,186.3196
Denmark,DNK,1976,198.24033
Denmark,DNK,1977,197.98227
Denmark,DNK,1978,197.52115
Denmark,DNK,1979,188.93774
Denmark,DNK,1980,161.33127
Denmark,DNK,1981,151.96735
Denmark,DNK,1982,130.91791
Denmark,DNK,1983,123.85265
Denmark,DNK,1984,122.43611
Denmark,DNK,1985,126.177414
Denmark,DNK,1986,124.5112
Denmark,DNK,1987,114.68499
Denmark,DNK,1988,113.99847
Denmark,DNK,1989,109.763115
Denmark,DNK,1990,107.52145
Denmark,DNK,1991,109.08682
Denmark,DNK,1992,108.113846
Denmark,DNK,1993,113.18888
Denmark,DNK,1994,120.41809
Denmark,DNK,1995,125.37967
Denmark,DNK,1996,136.06866
Denmark,DNK,1997,131.27934
Denmark,DNK,1998,126.99976
Denmark,DNK,1999,126.04254
Denmark,DNK,2000,122.53468
Denmark,DNK,2001,117.52588
Denmark,DNK,2002,113.73351
Denmark,DNK,2003,109.98831
Denmark,DNK,2004,108.04399
Denmark,DNK,2005,109.41706
Denmark,DNK,2006,110.465904
Denmark,DNK,2007,111.33213
Denmark,DNK,2008,109.85371
Denmark,DNK,2009,98.63714
Denmark,DNK,2010,101.9283
Denmark,DNK,2011,97.14898
Denmark,DNK,2012,89.821655
Denmark,DNK,2013,87.70778
Denmark,DNK,2014,87.40029
Denmark,DNK,2015,88.9282
Denmark,DNK,2016,89.05559
Denmark,DNK,2017,88.506584
Denmark,DNK,2018,89.401
Denmark,DNK,2019,109.60725
Denmark,DNK,2020,91.01435
Denmark,DNK,2021,79.201904
Denmark,DNK,2022,83.58491
Denmark,DNK,2023,88.93036
Denmark,DNK,2024,90.35128
Eastern Africa (EI),,1965,69.16535
Eastern Africa (EI),,1966,72.57079
Eastern Africa (EI),,1967,77.42474
Eastern Africa (EI),,1968,80.04682
Eastern Africa (EI),,1969,88.268906
Eastern Africa (EI),,1970,92.004196
Eastern Africa (EI),,1971,97.922874
Eastern Africa (EI),,1972,99.92549
Eastern Africa (EI),,1973,106.977974
Eastern Africa (EI),,1974,108.71884
Eastern Africa (EI),,1975,105.35647
Eastern Africa (EI),,1976,104.6851
Eastern Africa (EI),,1977,105.058014
Eastern Africa (EI),,1978,104.26537
Eastern Africa (EI),,1979,106.1565
Eastern Africa (EI),,1980,111.27712
Eastern Africa (EI),,1981,109.38333
Eastern Africa (EI),,1982,106.27906
Eastern Africa (EI),,1983,105.82101
Eastern Africa (EI),,1984,101.89975
Eastern Africa (EI),,1985,107.30168
Eastern Africa (EI),,1986,106.525795
Eastern Africa (EI),,1987,111.3303
Eastern Africa (EI),,1988,122.29402
Eastern Africa (EI),,1989,123.94905
Eastern Africa (EI),,1990,127.92687
Eastern Africa (EI),,1991,124.44968
Eastern Africa (EI),,1992,123.621185
Eastern Africa (EI),,1993,130.58171
Eastern Africa (EI),,1994,135.55515
Eastern Africa (EI),,1995,136.8865
Eastern Africa (EI),,1996,139.32858
Eastern Africa (EI),,1997,146.27925
Eastern Africa (EI),,1998,144.9773
Eastern Africa (EI),,1999,154.13591
Eastern Africa (EI),,2000,152.72772
Eastern Africa (EI),,2001,168.934
Eastern Africa (EI),,2002,167.97414
Eastern Africa (EI),,2003,169.89346
Eastern Africa (EI),,2004,180.23361
Eastern Africa (EI),,2005,192.56836
Eastern Africa (EI),,2006,204.47392
Eastern Africa (EI),,2007,212.86076
Eastern Africa (EI),,2008,218.75195
Eastern Africa (EI),,2009,232.45029
Eastern Africa (EI),,2010,244.39478
Eastern Africa (EI),,2011,254.80415
Eastern Africa (EI),,2012,275.28644
Eastern Africa (EI),,2013,291.30692
Eastern Africa (EI),,2014,303.9107
Eastern Africa (EI),,2015,328.6874
Eastern Africa (EI),,2016,339.73273
Eastern Africa (EI),,2017,362.79712
Eastern Africa (EI),,2018,379.67538
Eastern Africa (EI),,2019,398.8323
Eastern Africa (EI),,2020,355.52744
Eastern Africa (EI),,2021,384.52643
Eastern Africa (EI),,2022,397.21442
Eastern Africa (EI),,2023,405.02847
Eastern Africa (EI),,2024,412.14093
Ecuador,ECU,1965,7.9206376
Ecuador,ECU,1966,8.26975
Ecuador,ECU,1967,8.931146
Ecuador,ECU,1968,10.672142
Ecuador,ECU,1969,11.293051
Ecuador,ECU,1970,12.877645
Ecuador,ECU,1971,14.23248
Ecuador,ECU,1972,14.631552
Ecuador,ECU,1973,16.284168
Ecuador,ECU,1974,18.546286
Ecuador,ECU,1975,18.147564
Ecuador,ECU,1976,20.50994
Ecuador,ECU,1977,25.594435
Ecuador,ECU,1978,26.172733
Ecuador,ECU,1979,27.873514
Ecuador,ECU,1980,35.75117
Ecuador,ECU,1981,39.96072
Ecuador,ECU,1982,43.64244
Ecuador,ECU,1983,39.982136
Ecuador,ECU,1984,40.184883
Ecuador,ECU,1985,49.411514
Ecuador,ECU,1986,50.193226
Ecuador,ECU,1987,50.630726
Ecuador,ECU,1988,59.788826
Ecuador,ECU,1989,62.205303
Ecuador,ECU,1990,63.61657
Ecuador,ECU,1991,71.21293
Ecuador,ECU,1992,71.04642
Ecuador,ECU,1993,71.340126
Ecuador,ECU,1994,77.55588
Ecuador,ECU,1995,76.32141
Ecuador,ECU,1996,85.7203
Ecuador,ECU,1997,97.76501
Ecuador,ECU,1998,98.40975
Ecuador,ECU,1999,85.996635
Ecuador,ECU,2000,78.33835
Ecuador,ECU,2001,81.36387
Ecuador,ECU,2002,80.80061
Ecuador,ECU,2003,82.590965
Ecuador,ECU,2004,87.28777
Ecuador,ECU,2005,95.14137
Ecuador,ECU,2006,100.8373
Ecuador,ECU,2007,102.50297
Ecuador,ECU,2008,105.60009
Ecuador,ECU,2009,107.393166
Ecuador,ECU,2010,124.12673
Ecuador,ECU,2011,127.295494
Ecuador,ECU,2012,131.77362
Ecuador,ECU,2013,139.62585
Ecuador,ECU,2014,147.06837
Ecuador,ECU,2015,142.66008
Ecuador,ECU,2016,134.04097
Ecuador,ECU,2017,130.87363
Ecuador,ECU,2018,141.70032
Ecuador,ECU,2019,137.31259
Ecuador,ECU,2020,110.83171
Ecuador,ECU,2021,137.08408
Ecuador,ECU,2022,150.5628
Ecuador,ECU,2023,159.13568
Ecuador,ECU,2024,163.27017
Egypt,EGY,1965,81.39379
Egypt,EGY,1966,87.34
Egypt,EGY,1967,71.32264
Egypt,EGY,1968,74.599754
Egypt,EGY,1969,55.378662
Egypt,EGY,1970,71.66592
Egypt,EGY,1971,74.0778
Egypt,EGY,1972,84.65239
Egypt,EGY,1973,79.57202
Egypt,EGY,1974,87.76041
Egypt,EGY,1975,97.01281
Egypt,EGY,1976,114.73853
Egypt,EGY,1977,122.63606
Egypt,EGY,1978,126.69805
Egypt,EGY,1979,138.93947
Egypt,EGY,1980,155.29256
Egypt,EGY,1981,179.1586
Egypt,EGY,1982,203.74937
Egypt,EGY,1983,223.57407
Egypt,EGY,1984,241.74295
Egypt,EGY,1985,245.68802
Egypt,EGY,1986,246.40953
Egypt,EGY,1987,260.4517
Egypt,EGY,1988,259.0959
Egypt,EGY,1989,268.61255
Egypt,EGY,1990,275.3904
Egypt,EGY,1991,270.62952
Egypt,EGY,1992,259.8219
Egypt,EGY,1993,243.19084
Egypt,EGY,1994,253.93777
Egypt,EGY,1995,275.37674
Egypt,EGY,1996,291.0964
Egypt,EGY,1997,307.3263
Egypt,EGY,1998,323.4118
Egypt,EGY,1999,330.86063
Egypt,EGY,2000,323.75937
Egypt,EGY,2001,305.73434
Egypt,EGY,2002,304.1684
Egypt,EGY,2003,311.87805
Egypt,EGY,2004,328.39752
Egypt,EGY,2005,347.70407
Egypt,EGY,2006,337.3307
Egypt,EGY,2007,364.28708
Egypt,EGY,2008,385.61722
Egypt,EGY,2009,403.6607
Egypt,EGY,2010,415.5942
Egypt,EGY,2011,418.22156
Egypt,EGY,2012,428.2248
Egypt,EGY,2013,433.32666
Egypt,EGY,2014,455.2881
Egypt,EGY,2015,464.53683
Egypt,EGY,2016,480.17807
Egypt,EGY,2017,456.21555
Egypt,EGY,2018,406.44485
Egypt,EGY,2019,383.61386
Egypt,EGY,2020,332.68008
Egypt,EGY,2021,359.5667
Egypt,EGY,2022,425.22882
Egypt,EGY,2023,414.17987
Egypt,EGY,2024,440.12344
Estonia,EST,1985,40.446075
Estonia,EST,1986,40.01098
Estonia,EST,1987,40.409798
Estonia,EST,1988,40.7583
Estonia,EST,1989,42.034187
Estonia,EST,1990,41.343212
Estonia,EST,1991,36.42071
Estonia,EST,1992,19.574043
Estonia,EST,1993,20.748428
Estonia,EST,1994,18.914959
Estonia,EST,1995,14.864138
Estonia,EST,1996,16.087318
Estonia,EST,1997,15.796541
Estonia,EST,1998,15.860498
Estonia,EST,1999,14.814796
Estonia,EST,2000,13.329059
Estonia,EST,2001,15.416941
Estonia,EST,2002,17.262798
Estonia,EST,2003,16.20338
Estonia,EST,2004,16.443972
Estonia,EST,2005,16.752337
Estonia,EST,2006,17.505255
Estonia,EST,2007,18.683674
Estonia,EST,2008,17.789972
Estonia,EST,2009,15.987168
Estonia,EST,2010,16.479925
Estonia,EST,2011,16.066843
Estonia,EST,2012,19.049246
Estonia,EST,2013,18.806303
Estonia,EST,2014,17.413538
Estonia,EST,2015,17.381447
Estonia,EST,2016,16.95469
Estonia,EST,2017,17.695034
Estonia,EST,2018,17.47478
Estonia,EST,2019,15.588738
Estonia,EST,2020,16.05446
Estonia,EST,2021,15.788391
Estonia,EST,2022,16.36903
Estonia,EST,2023,15.560705
Estonia,EST,2024,15.271419
Europe,OWID_EUR,1965,6933.2324
Europe,OWID_EUR,1966,7552.9653
Europe,OWID_EUR,1967,8203.042
Europe,OWID_EUR,1968,8936.249
Europe,OWID_EUR,1969,9826.869
Europe,OWID_EUR,1970,10877.038
Europe,OWID_EUR,1971,11434.074
Europe,OWID_EUR,1972,12275.271
Europe,OWID_EUR,1973,13148.836
Europe,OWID_EUR,1974,12937.709
Europe,OWID_EUR,1975,12798.231
Europe,OWID_EUR,1976,13493.773
Europe,OWID_EUR,1977,13559.638
Europe,OWID_EUR,1978,14288.755
Europe,OWID_EUR,1979,14616.532
Europe,OWID_EUR,1980,14167.721
Europe,OWID_EUR,1981,13576.338
Europe,OWID_EUR,1982,13103.428
Europe,OWID_EUR,1983,12790.341
Europe,OWID_EUR,1984,12839.501
Europe,OWID_EUR,1985,12087.632
Europe,OWID_EUR,1986,12438.036
Europe,OWID_EUR,1987,12472.559
Europe,OWID_EUR,1988,12468.503
Europe,OWID_EUR,1989,12485.897
Europe,OWID_EUR,1990,12843.113
Europe,OWID_EUR,1991,12617.629
Europe,OWID_EUR,1992,12179.39
Europe,OWID_EUR,1993,11421.186
Europe,OWID_EUR,1994,11101.818
Europe,OWID_EUR,1995,11000.466
Europe,OWID_EUR,1996,10854.875
Europe,OWID_EUR,1997,10868.521
Europe,OWID_EUR,1998,10922.684
Europe,OWID_EUR,1999,10781.334
Europe,OWID_EUR,2000,10490.904
Europe,OWID_EUR,2001,10654.416
Europe,OWID_EUR,2002,10576.425
Europe,OWID_EUR,2003,10664.976
Europe,OWID_EUR,2004,10736.234
Europe,OWID_EUR,2005,10794.648
Europe,OWID_EUR,2006,10876.78
Europe,OWID_EUR,2007,10676.757
Europe,OWID_EUR,2008,10626.226
Europe,OWID_EUR,2009,10075.941
Europe,OWID_EUR,2010,10088.36
Europe,OWID_EUR,2011,9965.286
Europe,OWID_EUR,2012,9744.183
Europe,OWID_EUR,2013,9548.623
Europe,OWID_EUR,2014,9536.093
Europe,OWID_EUR,2015,9555.889
Europe,OWID_EUR,2016,9710.5625
Europe,OWID_EUR,2017,9930.855
Europe,OWID_EUR,2018,9894.459
Europe,OWID_EUR,2019,9923.03
Europe,OWID_EUR,2020,8785.337
Europe,OWID_EUR,2021,9213.165
Europe,OWID_EUR,2022,9510.83
Europe,OWID_EUR,2023,9464.045
Europe,OWID_EUR,2024,9577.696
Europe (EI),,1965,4980.371
Europe (EI),,1966,5466.834
Europe (EI),,1967,5934.3467
Europe (EI),,1968,6525.836
Europe (EI),,1969,7267.1494
Europe (EI),,1970,8055.935
Europe (EI),,1971,8453.693
Europe (EI),,1972,9047.596
Europe (EI),,1973,9694.993
Europe (EI),,1974,9126.41
Europe (EI),,1975,8810.394
Europe (EI),,1976,9410.929
Europe (EI),,1977,9328.601
Europe (EI),,1978,9801.227
Europe (EI),,1979,10024.282
Europe (EI),,1980,9348.721
Europe (EI),,1981,8711.057
Europe (EI),,1982,8287.627
Europe (EI),,1983,8057.6406
Europe (EI),,1984,8105.108
Europe (EI),,1985,9066.216
Europe (EI),,1986,9345.303
Europe (EI),,1987,9388.736
Europe (EI),,1988,9435.364
Europe (EI),,1989,9402.842
Europe (EI),,1990,9820.417
Europe (EI),,1991,9669.999
Europe (EI),,1992,9455.793
Europe (EI),,1993,9253.277
Europe (EI),,1994,9222.022
Europe (EI),,1995,9437.379
Europe (EI),,1996,9555.193
Europe (EI),,1997,9591.172
Europe (EI),,1998,9714.606
Europe (EI),,1999,9547.635
Europe (EI),,2000,9304.386
Europe (EI),,2001,9401.388
Europe (EI),,2002,9396.565
Europe (EI),,2003,9425.213
Europe (EI),,2004,9527.226
Europe (EI),,2005,9582.218
Europe (EI),,2006,9588.1045
Europe (EI),,2007,9412.205
Europe (EI),,2008,9305.769
Europe (EI),,2009,8813.6875
Europe (EI),,2010,8767.371
Europe (EI),,2011,8508.993
Europe (EI),,2012,8225.868
Europe (EI),,2013,8084.939
Europe (EI),,2014,7990.792
Europe (EI),,2015,8163.79
Europe (EI),,2016,8320.969
Europe (EI),,2017,8592.674
Europe (EI),,2018,8525.567
Europe (EI),,2019,8511.509
Europe (EI),,2020,7421.55
Europe (EI),,2021,7767.1787
Europe (EI),,2022,8042.534
Europe (EI),,2023,7940.5186
Europe (EI),,2024,8014.3643
European Union (27),OWID_EU27,1965,3844.244
European Union (27),OWID_EU27,1966,4236.735
European Union (27),OWID_EU27,1967,4601.551
European Union (27),OWID_EU27,1968,5090
European Union (27),OWID_EU27,1969,5719.058
European Union (27),OWID_EU27,1970,6391.132
European Union (27),OWID_EU27,1971,6730.613
European Union (27),OWID_EU27,1972,7222.5435
European Union (27),OWID_EU27,1973,7783.3813
European Union (27),OWID_EU27,1974,7325.057
European Union (27),OWID_EU27,1975,7157.834
European Union (27),OWID_EU27,1976,7719.0728
European Union (27),OWID_EU27,1977,7590.744
European Union (27),OWID_EU27,1978,7987.105
European Union (27),OWID_EU27,1979,8215.265
European Union (27),OWID_EU27,1980,7723.4956
European Union (27),OWID_EU27,1981,7195.957
European Union (27),OWID_EU27,1982,6757.838
European Union (27),OWID_EU27,1983,6528.583
European Union (27),OWID_EU27,1984,6389.3433
European Union (27),OWID_EU27,1985,6637.4946
European Union (27),OWID_EU27,1986,6861.0786
European Union (27),OWID_EU27,1987,6879.4404
European Union (27),OWID_EU27,1988,6902.184
European Union (27),OWID_EU27,1989,6913.9604
European Union (27),OWID_EU27,1990,7303.073
European Union (27),OWID_EU27,1991,7246.667
European Union (27),OWID_EU27,1992,7304.056
European Union (27),OWID_EU27,1993,7208.5444
European Union (27),OWID_EU27,1994,7250.3057
European Union (27),OWID_EU27,1995,7441.455
European Union (27),OWID_EU27,1996,7601.036
European Union (27),OWID_EU27,1997,7625.8667
European Union (27),OWID_EU27,1998,7783.7974
European Union (27),OWID_EU27,1999,7691.72
European Union (27),OWID_EU27,2000,7463.901
European Union (27),OWID_EU27,2001,7545.3726
European Union (27),OWID_EU27,2002,7518.266
European Union (27),OWID_EU27,2003,7528.579
European Union (27),OWID_EU27,2004,7585.743
European Union (27),OWID_EU27,2005,7599.8564
European Union (27),OWID_EU27,2006,7590.4766
European Union (27),OWID_EU27,2007,7424.342
European Union (27),OWID_EU27,2008,7355.899
European Union (27),OWID_EU27,2009,6909.72
European Union (27),OWID_EU27,2010,6895.7134
European Union (27),OWID_EU27,2011,6683.7524
European Union (27),OWID_EU27,2012,6409.3804
European Union (27),OWID_EU27,2013,6250.526
European Union (27),OWID_EU27,2014,6183.2983
European Union (27),OWID_EU27,2015,6274.192
European Union (27),OWID_EU27,2016,6364.866
European Union (27),OWID_EU27,2017,6571.14
European Union (27),OWID_EU27,2018,6514.193
European Union (27),OWID_EU27,2019,6526.61
European Union (27),OWID_EU27,2020,5697.2725
European Union (27),OWID_EU27,2021,5978.031
European Union (27),OWID_EU27,2022,6175.2803
European Union (27),OWID_EU27,2023,6022.8667
European Union (27),OWID_EU27,2024,6073.3896
Finland,FIN,1965,67.48548
Finland,FIN,1966,81.86467
Finland,FIN,1967,85.7726
Finland,FIN,1968,97.22671
Finland,FIN,1969,112.92221
Finland,FIN,1970,126.97794
Finland,FIN,1971,131.4189
Finland,FIN,1972,139.85992
Finland,FIN,1973,156.46225
Finland,FIN,1974,136.34688
Finland,FIN,1975,140.98915
Finland,FIN,1976,151.2639
Finland,FIN,1977,148.23775
Finland,FIN,1978,149.11165
Finland,FIN,1979,157.88281
Finland,FIN,1980,152.02914
Finland,FIN,1981,145.4186
Finland,FIN,1982,134.60008
Finland,FIN,1983,125.00577
Finland,FIN,1984,126.75379
Finland,FIN,1985,128.06352
Finland,FIN,1986,134.10484
Finland,FIN,1987,133.54774
Finland,FIN,1988,131.87694
Finland,FIN,1989,131.68347
Finland,FIN,1990,133.65544
Finland,FIN,1991,132.63072
Finland,FIN,1992,131.24066
Finland,FIN,1993,124.88457
Finland,FIN,1994,129.36603
Finland,FIN,1995,117.58075
Finland,FIN,1996,122.37473
Finland,FIN,1997,120.58437
Finland,FIN,1998,125.79059
Finland,FIN,1999,127.17879
Finland,FIN,2000,126.42577
Finland,FIN,2001,124.03574
Finland,FIN,2002,126.9237
Finland,FIN,2003,130.99988
Finland,FIN,2004,122.12344
Finland,FIN,2005,126.67819
Finland,FIN,2006,122.85048
Finland,FIN,2007,123.89983
Finland,FIN,2008,119.764175
Finland,FIN,2009,112.83102
Finland,FIN,2010,117.16832
Finland,FIN,2011,114.58838
Finland,FIN,2012,110.05729
Finland,FIN,2013,114.501656
Finland,FIN,2014,108.04683
Finland,FIN,2015,108.589935
Finland,FIN,2016,114.29884
Finland,FIN,2017,110.74291
Finland,FIN,2018,110.148224
Finland,FIN,2019,109.32647
Finland,FIN,2020,98.07789
Finland,FIN,2021,91.65651
Finland,FIN,2022,98.47133
Finland,FIN,2023,89.03502
Finland,FIN,2024,86.685684
France,FRA,1965,637.3014
France,FRA,1966,683.123
France,FRA,1967,784.79
France,FRA,1968,850.43164
France,FRA,1969,982.66754
France,FRA,1970,1116.3309
France,FRA,1971,1216.7485
France,FRA,1972,1350.9572
France,FRA,1973,1506.0256
France,FRA,1974,1430.9877
France,FRA,1975,1307.875
France,FRA,1976,1414.7838
France,FRA,1977,1358.8184
France,FRA,1978,1416.0526
France,FRA,1979,1408.642
France,FRA,1980,1309.0137
France,FRA,1981,1181.7372
France,FRA,1982,1094.3964
France,FRA,1983,1068.1715
France,FRA,1984,1029.9058
France,FRA,1985,1012.8425
France,FRA,1986,1033.2646
France,FRA,1987,1040.2767
France,FRA,1988,1034.0203
France,FRA,1989,1061.674
France,FRA,1990,1060.0526
France,FRA,1991,1141.0382
France,FRA,1992,1139.6106
France,FRA,1993,1101.6967
France,FRA,1994,1070.2838
France,FRA,1995,1084.53
France,FRA,1996,1110.012
France,FRA,1997,1112.2651
France,FRA,1998,1155.7661
France,FRA,1999,1159.9083
France,FRA,2000,1143.1821
France,FRA,2001,1142.346
France,FRA,2002,1112.8135
France,FRA,2003,1116.9646
France,FRA,2004,1126.7009
France,FRA,2005,1104.4193
France,FRA,2006,1101.8494
France,FRA,2007,1075.5088
France,FRA,2008,1053.3467
France,FRA,2009,1010.69946
France,FRA,2010,979.68024
France,FRA,2011,963.9613
France,FRA,2012,931.1787
France,FRA,2013,919.24506
France,FRA,2014,889.4258
France,FRA,2015,902.6557
France,FRA,2016,887.9983
France,FRA,2017,901.5271
France,FRA,2018,879.65137
France,FRA,2019,872.39764
France,FRA,2020,735.704
France,FRA,2021,790.98364
France,FRA,2022,789.4553
France,FRA,2023,777.0767
France,FRA,2024,775.6695
Germany,DEU,1965,1020.5698
Germany,DEU,1966,1141.8322
Germany,DEU,1967,1187.4216
Germany,DEU,1968,1331.1227
Germany,DEU,1969,1496.9418
Germany,DEU,1970,1644.0703
Germany,DEU,1971,1712.5317
Germany,DEU,1972,1807.8164
Germany,DEU,1973,1927.148
Germany,DEU,1974,1748.5243
Germany,DEU,1975,1698.3301
Germany,DEU,1976,1834.953
Germany,DEU,1977,1812.3656
Germany,DEU,1978,1890.2781
Germany,DEU,1979,1949.953
Germany,DEU,1980,1764.3439
Germany,DEU,1981,1601.3844
Germany,DEU,1982,1513.8575
Germany,DEU,1983,1482.448
Germany,DEU,1984,1477.557
Germany,DEU,1985,1522.7413
Germany,DEU,1986,1604.2207
Germany,DEU,1987,1562.0078
Germany,DEU,1988,1562.9131
Germany,DEU,1989,1468.3829
Germany,DEU,1990,1537.2932
Germany,DEU,1991,1607.6146
Germany,DEU,1992,1621.6552
Germany,DEU,1993,1646.8728
Germany,DEU,1994,1631.9728
Germany,DEU,1995,1631.1296
Germany,DEU,1996,1658.878
Germany,DEU,1997,1648.9271
Germany,DEU,1998,1650.7172
Germany,DEU,1999,1601.1073
Germany,DEU,2000,1570.4348
Germany,DEU,2001,1590.9634
Germany,DEU,2002,1537.7799
Germany,DEU,2003,1507.7172
Germany,DEU,2004,1490.4901
Germany,DEU,2005,1460.0576
Germany,DEU,2006,1457.2372
Germany,DEU,2007,1319.4586
Germany,DEU,2008,1399.0693
Germany,DEU,2009,1339.8384
Germany,DEU,2010,1357.6443
Germany,DEU,2011,1313.2709
Germany,DEU,2012,1305.3893
Germany,DEU,2013,1334.2625
Germany,DEU,2014,1298.318
Germany,DEU,2015,1296.5422
Germany,DEU,2016,1321.8785
Germany,DEU,2017,1408.9285
Germany,DEU,2018,1336.97
Germany,DEU,2019,1351.0276
Germany,DEU,2020,1223.2377
Germany,DEU,2021,1209.7521
Germany,DEU,2022,1241.9773
Germany,DEU,2023,1165.5121
Germany,DEU,2024,1176.5474
Greece,GRC,1965,52.273228
Greece,GRC,1966,57.076584
Greece,GRC,1967,67.11283
Greece,GRC,1968,68.693054
Greece,GRC,1969,73.09415
Greece,GRC,1970,79.16741
Greece,GRC,1971,87.45739
Greece,GRC,1972,101.31322
Greece,GRC,1973,117.920204
Greece,GRC,1974,110.66205
Greece,GRC,1975,117.248055
Greece,GRC,1976,124.7924
Greece,GRC,1977,127.140976
Greece,GRC,1978,138.43669
Greece,GRC,1979,146.42546
Greece,GRC,1980,144.97278
Greece,GRC,1981,140.84198
Greece,GRC,1982,141.5108
Greece,GRC,1983,135.79776
Greece,GRC,1984,139.16304
Greece,GRC,1985,141.48158
Greece,GRC,1986,143.58203
Greece,GRC,1987,155.96172
Greece,GRC,1988,161.07315
Greece,GRC,1989,177.45236
Greece,GRC,1990,186.74254
Greece,GRC,1991,190.55426
Greece,GRC,1992,194.52258
Greece,GRC,1993,198.51204
Greece,GRC,1994,203.04324
Greece,GRC,1995,211.81287
Greece,GRC,1996,219.88054
Greece,GRC,1997,222.05853
Greece,GRC,1998,232.47917
Greece,GRC,1999,227.0115
Greece,GRC,2000,236.24866
Greece,GRC,2001,239.57071
Greece,GRC,2002,240.72469
Greece,GRC,2003,252.75017
Greece,GRC,2004,247.72807
Greece,GRC,2005,249.09128
Greece,GRC,2006,260.48984
Greece,GRC,2007,263.44055
Greece,GRC,2008,252.5715
Greece,GRC,2009,236.80884
Greece,GRC,2010,214.71916
Greece,GRC,2011,204.5779
Greece,GRC,2012,178.33144
Greece,GRC,2013,164.7616
Greece,GRC,2014,163.353
Greece,GRC,2015,170.19884
Greece,GRC,2016,169.93929
Greece,GRC,2017,174.01346
Greece,GRC,2018,171.98833
Greece,GRC,2019,177.21858
Greece,GRC,2020,143.48611
Greece,GRC,2021,152.02661
Greece,GRC,2022,172.19046
Greece,GRC,2023,171.29622
Greece,GRC,2024,173.30756
High-income countries,OWID_HIC,1965,13711.53
High-income countries,OWID_HIC,1966,14775.387
High-income countries,OWID_HIC,1967,15823.774
High-income countries,OWID_HIC,1968,17179.586
High-income countries,OWID_HIC,1969,18739.973
High-income countries,OWID_HIC,1970,20423.352
High-income countries,OWID_HIC,1971,21353.549
High-income countries,OWID_HIC,1972,22981.076
High-income countries,OWID_HIC,1973,24677.836
High-income countries,OWID_HIC,1974,23572.521
High-income countries,OWID_HIC,1975,22913.76
High-income countries,OWID_HIC,1976,24485.781
High-income countries,OWID_HIC,1977,25074.062
High-income countries,OWID_HIC,1978,25917.117
High-income countries,OWID_HIC,1979,26020.78
High-income countries,OWID_HIC,1980,24118.85
High-income countries,OWID_HIC,1981,22714.56
High-income countries,OWID_HIC,1982,21631.453
High-income countries,OWID_HIC,1983,21392.89
High-income countries,OWID_HIC,1984,21743.678
High-income countries,OWID_HIC,1985,24737.404
High-income countries,OWID_HIC,1986,25557.088
High-income countries,OWID_HIC,1987,25990.621
High-income countries,OWID_HIC,1988,26847.975
High-income countries,OWID_HIC,1989,27178.395
High-income countries,OWID_HIC,1990,27527.053
High-income countries,OWID_HIC,1991,27446.346
High-income countries,OWID_HIC,1992,27902.494
High-income countries,OWID_HIC,1993,27550.13
High-income countries,OWID_HIC,1994,28100.268
High-income countries,OWID_HIC,1995,28231.975
High-income countries,OWID_HIC,1996,28701.078
High-income countries,OWID_HIC,1997,29022.469
High-income countries,OWID_HIC,1998,29092.65
High-income countries,OWID_HIC,1999,29561.398
High-income countries,OWID_HIC,2000,29461.998
High-income countries,OWID_HIC,2001,29628.56
High-income countries,OWID_HIC,2002,29616.672
High-income countries,OWID_HIC,2003,30110.695
High-income countries,OWID_HIC,2004,30776.42
High-income countries,OWID_HIC,2005,30985.688
High-income countries,OWID_HIC,2006,30859.79
High-income countries,OWID_HIC,2007,30879.893
High-income countries,OWID_HIC,2008,30076.875
High-income countries,OWID_HIC,2009,28795.234
High-income countries,OWID_HIC,2010,29414.951
High-income countries,OWID_HIC,2011,29239.979
High-income countries,OWID_HIC,2012,29132.97
High-income countries,OWID_HIC,2013,29129.998
High-income countries,OWID_HIC,2014,29247.346
High-income countries,OWID_HIC,2015,29701.729
High-income countries,OWID_HIC,2016,30129.258
High-income countries,OWID_HIC,2017,30415.71
High-income countries,OWID_HIC,2018,30502.78
High-income countries,OWID_HIC,2019,30227.854
High-income countries,OWID_HIC,2020,26846.188
High-income countries,OWID_HIC,2021,28472.992
High-income countries,OWID_HIC,2022,29133.828
High-income countries,OWID_HIC,2023,29283.758
High-income countries,OWID_HIC,2024,29518.469
Hong Kong,HKG,1965,24.871521
Hong Kong,HKG,1966,27.293041
Hong Kong,HKG,1967,32.704254
Hong Kong,HKG,1968,35.71866
Hong Kong,HKG,1969,42.38126
Hong Kong,HKG,1970,45.737446
Hong Kong,HKG,1971,48.245647
Hong Kong,HKG,1972,55.002895
Hong Kong,HKG,1973,57.120667
Hong Kong,HKG,1974,58.476112
Hong Kong,HKG,1975,55.057316
Hong Kong,HKG,1976,64.99793
Hong Kong,HKG,1977,70.20239
Hong Kong,HKG,1978,72.9587
Hong Kong,HKG,1979,74.716446
Hong Kong,HKG,1980,76.37257
Hong Kong,HKG,1981,81.002144
Hong Kong,HKG,1982,78.94145
Hong Kong,HKG,1983,70.29673
Hong Kong,HKG,1984,65.150055
Hong Kong,HKG,1985,61.261135
Hong Kong,HKG,1986,59.873386
Hong Kong,HKG,1987,58.73012
Hong Kong,HKG,1988,67.36971
Hong Kong,HKG,1989,71.84668
Hong Kong,HKG,1990,75.48578
Hong Kong,HKG,1991,75.47003
Hong Kong,HKG,1992,96.86926
Hong Kong,HKG,1993,100.89406
Hong Kong,HKG,1994,107.65179
Hong Kong,HKG,1995,115.22543
Hong Kong,HKG,1996,112.906654
Hong Kong,HKG,1997,111.75032
Hong Kong,HKG,1998,107.219894
Hong Kong,HKG,1999,114.0835
Hong Kong,HKG,2000,118.88865
Hong Kong,HKG,2001,141.33519
Hong Kong,HKG,2002,154.46638
Hong Kong,HKG,2003,155.44257
Hong Kong,HKG,2004,183.05957
Hong Kong,HKG,2005,165.10948
Hong Kong,HKG,2006,178.45949
Hong Kong,HKG,2007,191.26967
Hong Kong,HKG,2008,173.34848
Hong Kong,HKG,2009,196.68486
Hong Kong,HKG,2010,212.63667
Hong Kong,HKG,2011,214.10521
Hong Kong,HKG,2012,205.13832
Hong Kong,HKG,2013,209.29407
Hong Kong,HKG,2014,198.1297
Hong Kong,HKG,2015,217.42123
Hong Kong,HKG,2016,225.19812
Hong Kong,HKG,2017,254.45477
Hong Kong,HKG,2018,257.5806
Hong Kong,HKG,2019,240.73477
Hong Kong,HKG,2020,169.06566
Hong Kong,HKG,2021,151.34477
Hong Kong,HKG,2022,128.26762
Hong Kong,HKG,2023,159.2837
Hong Kong,HKG,2024,180.94005
Hungary,HUN,1965,44.273094
Hungary,HUN,1966,48.626213
Hungary,HUN,1967,51.449696
Hungary,HUN,1968,53.920544
Hungary,HUN,1969,60.313942
Hungary,HUN,1970,70.053635
Hungary,HUN,1971,78.927284
Hungary,HUN,1972,85.993385
Hungary,HUN,1973,96.752205
Hungary,HUN,1974,105.922
Hungary,HUN,1975,119.49149
Hungary,HUN,1976,125.17623
Hungary,HUN,1977,133.09103
Hungary,HUN,1978,147.2131
Hungary,HUN,1979,138.70981
Hungary,HUN,1980,134.84071
Hungary,HUN,1981,128.84254
Hungary,HUN,1982,122.05013
Hungary,HUN,1983,115.73054
Hungary,HUN,1984,121.191
Hungary,HUN,1985,123.43376
Hungary,HUN,1986,114.001625
Hungary,HUN,1987,119.51186
Hungary,HUN,1988,110.64611
Hungary,HUN,1989,107.246796
Hungary,HUN,1990,108.44481
Hungary,HUN,1991,92.83042
Hungary,HUN,1992,98.91989
Hungary,HUN,1993,87.67219
Hungary,HUN,1994,93.51756
Hungary,HUN,1995,89.09015
Hungary,HUN,1996,82.26265
Hungary,HUN,1997,84.159294
Hungary,HUN,1998,89.2766
Hungary,HUN,1999,85.230934
Hungary,HUN,2000,82.53138
Hungary,HUN,2001,79.73474
Hungary,HUN,2002,74.154396
Hungary,HUN,2003,72.27185
Hungary,HUN,2004,76.81962
Hungary,HUN,2005,87.88969
Hungary,HUN,2006,91.52185
Hungary,HUN,2007,91.20209
Hungary,HUN,2008,86.55902
Hungary,HUN,2009,84.2257
Hungary,HUN,2010,79.04674
Hungary,HUN,2011,77.140785
Hungary,HUN,2012,72.01762
Hungary,HUN,2013,70.43605
Hungary,HUN,2014,78.38166
Hungary,HUN,2015,83.99389
Hungary,HUN,2016,83.43875
Hungary,HUN,2017,90.39909
Hungary,HUN,2018,96.88959
Hungary,HUN,2019,97.93139
Hungary,HUN,2020,89.379326
Hungary,HUN,2021,97.09771
Hungary,HUN,2022,96.33766
Hungary,HUN,2023,94.0944
Hungary,HUN,2024,95.424164
Iceland,ISL,1965,5.612466
Iceland,ISL,1966,6.0511594
Iceland,ISL,1967,5.8715425
Iceland,ISL,1968,6.2693133
Iceland,ISL,1969,5.7495003
Iceland,ISL,1970,5.875635
Iceland,ISL,1971,6.3996997
Iceland,ISL,1972,6.8569255
Iceland,ISL,1973,7.9397244
Iceland,ISL,1974,7.4100266
Iceland,ISL,1975,6.9604106
Iceland,ISL,1976,6.9930778
Iceland,ISL,1977,7.313648
Iceland,ISL,1978,7.7066045
Iceland,ISL,1979,7.482763
Iceland,ISL,1980,6.962151
Iceland,ISL,1981,6.795264
Iceland,ISL,1982,6.2100058
Iceland,ISL,1983,6.033723
Iceland,ISL,1984,6.2958694
Iceland,ISL,1985,6.274548
Iceland,ISL,1986,6.36477
Iceland,ISL,1987,6.8829937
Iceland,ISL,1988,7.1954055
Iceland,ISL,1989,7.6968536
Iceland,ISL,1990,7.8472204
Iceland,ISL,1991,7.3680167
Iceland,ISL,1992,7.940361
Iceland,ISL,1993,8.238461
Iceland,ISL,1994,8.346259
Iceland,ISL,1995,8.396833
Iceland,ISL,1996,9.381994
Iceland,ISL,1997,9.207106
Iceland,ISL,1998,9.433033
Iceland,ISL,1999,9.417009
Iceland,ISL,2000,9.598544
Iceland,ISL,2001,9.007859
Iceland,ISL,2002,9.370296
Iceland,ISL,2003,9.47095
Iceland,ISL,2004,9.906974
Iceland,ISL,2005,10.089533
Iceland,ISL,2006,10.258592
Iceland,ISL,2007,10.291719
Iceland,ISL,2008,9.528946
Iceland,ISL,2009,8.832885
Iceland,ISL,2010,8.459282
Iceland,ISL,2011,8.344929
Iceland,ISL,2012,8.255022
Iceland,ISL,2013,8.627571
Iceland,ISL,2014,9.023058
Iceland,ISL,2015,9.844438
Iceland,ISL,2016,10.842629
Iceland,ISL,2017,12.105062
Iceland,ISL,2018,13.107482
Iceland,ISL,2019,11.098069
Iceland,ISL,2020,7.309943
Iceland,ISL,2021,8.265474
Iceland,ISL,2022,10.354054
Iceland,ISL,2023,10.943816
Iceland,ISL,2024,11.348906
India,IND,1965,146.99513
India,IND,1966,164.14969
India,IND,1967,169.36023
India,IND,1968,189.77089
India,IND,1969,227.92883
India,IND,1970,226.89145
India,IND,1971,243.33247
India,IND,1972,262.38327
India,IND,1973,276.95908
India,IND,1974,271.54297
India,IND,1975,278.09283
India,IND,1976,293.2587
India,IND,1977,315.04404
India,IND,1978,342.3745
India,IND,1979,369.47278
India,IND,1980,376.81616
India,IND,1981,405.65527
India,IND,1982,422.65634
India,IND,1983,444.35297
India,IND,1984,477.06705
India,IND,1985,517.6358
India,IND,1986,544.25946
India,IND,1987,561.7668
India,IND,1988,616.5008
India,IND,1989,667.77264
India,IND,1990,694.0582
India,IND,1991,706.1011
India,IND,1992,744.1866
India,IND,1993,752.0428
India,IND,1994,808.2667
India,IND,1995,901.3517
India,IND,1996,972.76135
India,IND,1997,1039.8557
India,IND,1998,1113.5074
India,IND,1999,1219.4528
India,IND,2000,1277.5098
India,IND,2001,1281.0958
India,IND,2002,1324.2423
India,IND,2003,1347.6937
India,IND,2004,1426.8564
India,IND,2005,1450.1283
India,IND,2006,1532.0394
India,IND,2007,1637.4816
India,IND,2008,1719.2588
India,IND,2009,1806.7904
India,IND,2010,1848.4161
India,IND,2011,1935.7648
India,IND,2012,2051.6697
India,IND,2013,2065.6555
India,IND,2014,2125.4941
India,IND,2015,2296.0386
India,IND,2016,2514.2617
India,IND,2017,2588.196
India,IND,2018,2704.5122
India,IND,2019,2791.9463
India,IND,2020,2537.8525
India,IND,2021,2588.8313
India,IND,2022,2804.5303
India,IND,2023,2939.235
India,IND,2024,3028.7437
Indonesia,IDN,1965,72.543625
Indonesia,IDN,1966,69.86446
Indonesia,IDN,1967,67.4028
Indonesia,IDN,1968,71.29931
Indonesia,IDN,1969,76.334076
Indonesia,IDN,1970,80.99267
Indonesia,IDN,1971,83.94383
Indonesia,IDN,1972,90.78368
Indonesia,IDN,1973,108.37456
Indonesia,IDN,1974,113.21974
Indonesia,IDN,1975,129.84836
Indonesia,IDN,1976,139.89664
Indonesia,IDN,1977,164.95786
Indonesia,IDN,1978,185.91682
Indonesia,IDN,1979,202.2756
Indonesia,IDN,1980,227.56358
Indonesia,IDN,1981,249.5228
Indonesia,IDN,1982,259.33398
Indonesia,IDN,1983,253.85255
Indonesia,IDN,1984,273.57245
Indonesia,IDN,1985,268.883
Indonesia,IDN,1986,275.73636
Indonesia,IDN,1987,285.60983
Indonesia,IDN,1988,300.38272
Indonesia,IDN,1989,318.60794
Indonesia,IDN,1990,366.26285
Indonesia,IDN,1991,390.09222
Indonesia,IDN,1992,420.5104
Indonesia,IDN,1993,448.4648
Indonesia,IDN,1994,443.34113
Indonesia,IDN,1995,490.8204
Indonesia,IDN,1996,527.91
Indonesia,IDN,1997,584.76495
Indonesia,IDN,1998,557.09625
Indonesia,IDN,1999,583.22876
Indonesia,IDN,2000,637.6342
Indonesia,IDN,2001,659.7541
Indonesia,IDN,2002,663.0472
Indonesia,IDN,2003,683.08
Indonesia,IDN,2004,721.0085
Indonesia,IDN,2005,720.2949
Indonesia,IDN,2006,693.5674
Indonesia,IDN,2007,731.70544
Indonesia,IDN,2008,746.4561
Indonesia,IDN,2009,750.0341
Indonesia,IDN,2010,793.81995
Indonesia,IDN,2011,850.97736
Indonesia,IDN,2012,894.8122
Indonesia,IDN,2013,865.0088
Indonesia,IDN,2014,861.4602
Indonesia,IDN,2015,822.09674
Indonesia,IDN,2016,792.95087
Indonesia,IDN,2017,850.3321
Indonesia,IDN,2018,877.21906
Indonesia,IDN,2019,855.10266
Indonesia,IDN,2020,753.2117
Indonesia,IDN,2021,786.71375
Indonesia,IDN,2022,858.0725
Indonesia,IDN,2023,857.43665
Indonesia,IDN,2024,878.98413
Iran,IRN,1965,81.939705
Iran,IRN,1966,89.68452
Iran,IRN,1967,99.20545
Iran,IRN,1968,109.47246
Iran,IRN,1969,119.56593
Iran,IRN,1970,129.19635
Iran,IRN,1971,141.64665
Iran,IRN,1972,157.65855
Iran,IRN,1973,189.24191
Iran,IRN,1974,219.959
Iran,IRN,1975,257.91962
Iran,IRN,1976,292.32513
Iran,IRN,1977,339.15933
Iran,IRN,1978,340.1507
Iran,IRN,1979,357.9212
Iran,IRN,1980,330.28473
Iran,IRN,1981,328.61838
Iran,IRN,1982,357.87906
Iran,IRN,1983,435.68042
Iran,IRN,1984,471.64413
Iran,IRN,1985,518.38904
Iran,IRN,1986,478.29694
Iran,IRN,1987,498.8362
Iran,IRN,1988,500.27936
Iran,IRN,1989,536.6414
Iran,IRN,1990,553.2112
Iran,IRN,1991,586.54645
Iran,IRN,1992,630.63934
Iran,IRN,1993,691.7041
Iran,IRN,1994,714.48303
Iran,IRN,1995,702.6482
Iran,IRN,1996,737.46826
Iran,IRN,1997,758.171
Iran,IRN,1998,736.06213
Iran,IRN,1999,752.26575
Iran,IRN,2000,775.7112
Iran,IRN,2001,799.744
Iran,IRN,2002,806.6087
Iran,IRN,2003,810.2835
Iran,IRN,2004,848.9064
Iran,IRN,2005,910.1544
Iran,IRN,2006,991.9344
Iran,IRN,2007,999.07385
Iran,IRN,2008,1029.7059
Iran,IRN,2009,1002.6773
Iran,IRN,2010,972.17633
Iran,IRN,2011,978.04443
Iran,IRN,2012,998.7805
Iran,IRN,2013,1075.3906
Iran,IRN,2014,991.93774
Iran,IRN,2015,864.85693
Iran,IRN,2016,888.2897
Iran,IRN,2017,896.9061
Iran,IRN,2018,933.4988
Iran,IRN,2019,985.50775
Iran,IRN,2020,950.84296
Iran,IRN,2021,1010.11536
Iran,IRN,2022,1017.02094
Iran,IRN,2023,1031.4215
Iran,IRN,2024,1044.6382
Iraq,IRQ,1965,18.0648
Iraq,IRQ,1966,19.331001
Iraq,IRQ,1967,20.708927
Iraq,IRQ,1968,22.232122
Iraq,IRQ,1969,23.810186
Iraq,IRQ,1970,31.23763
Iraq,IRQ,1971,33.480137
Iraq,IRQ,1972,40.72927
Iraq,IRQ,1973,39.85893
Iraq,IRQ,1974,39.219147
Iraq,IRQ,1975,39.173504
Iraq,IRQ,1976,47.936947
Iraq,IRQ,1977,56.694485
Iraq,IRQ,1978,60.07625
Iraq,IRQ,1979,72.68304
Iraq,IRQ,1980,87.1314
Iraq,IRQ,1981,87.037094
Iraq,IRQ,1982,89.883965
Iraq,IRQ,1983,106.461365
Iraq,IRQ,1984,117.46719
Iraq,IRQ,1985,133.36305
Iraq,IRQ,1986,148.48793
Iraq,IRQ,1987,151.33095
Iraq,IRQ,1988,164.51309
Iraq,IRQ,1989,186.95409
Iraq,IRQ,1990,186.1421
Iraq,IRQ,1991,127.142624
Iraq,IRQ,1992,201.05925
Iraq,IRQ,1993,273.86227
Iraq,IRQ,1994,309.44556
Iraq,IRQ,1995,305.5216
Iraq,IRQ,1996,307.12216
Iraq,IRQ,1997,374.77612
Iraq,IRQ,1998,271.37985
Iraq,IRQ,1999,188.50584
Iraq,IRQ,2000,283.2356
Iraq,IRQ,2001,323.30173
Iraq,IRQ,2002,306.809
Iraq,IRQ,2003,275.40967
Iraq,IRQ,2004,299.94012
Iraq,IRQ,2005,280.47946
Iraq,IRQ,2006,271.65643
Iraq,IRQ,2007,243.81943
Iraq,IRQ,2008,273.0638
Iraq,IRQ,2009,263.04932
Iraq,IRQ,2010,310.87958
Iraq,IRQ,2011,332.70312
Iraq,IRQ,2012,365.83423
Iraq,IRQ,2013,402.03412
Iraq,IRQ,2014,394.05093
Iraq,IRQ,2015,391.2975
Iraq,IRQ,2016,396.5495
Iraq,IRQ,2017,478.2491
Iraq,IRQ,2018,470.87967
Iraq,IRQ,2019,458.79535
Iraq,IRQ,2020,397.99588
Iraq,IRQ,2021,444.49966
Iraq,IRQ,2022,488.49573
Iraq,IRQ,2023,520.97363
Iraq,IRQ,2024,534.4997
Ireland,IRL,1965,28.522163
Ireland,IRL,1966,31.881552
Ireland,IRL,1967,35.69569
Ireland,IRL,1968,39.704014
Ireland,IRL,1969,43.153435
Ireland,IRL,1970,48.426376
Ireland,IRL,1971,53.493187
Ireland,IRL,1972,58.884476
Ireland,IRL,1973,63.811317
Ireland,IRL,1974,63.197315
Ireland,IRL,1975,61.815147
Ireland,IRL,1976,62.782482
Ireland,IRL,1977,66.95627
Ireland,IRL,1978,71.89355
Ireland,IRL,1979,75.46185
Ireland,IRL,1980,67.97169
Ireland,IRL,1981,60.38429
Ireland,IRL,1982,52.857918
Ireland,IRL,1983,48.004547
Ireland,IRL,1984,47.20721
Ireland,IRL,1985,47.078075
Ireland,IRL,1986,58.11852
Ireland,IRL,1987,51.009117
Ireland,IRL,1988,46.249054
Ireland,IRL,1989,47.584457
Ireland,IRL,1990,53.734264
Ireland,IRL,1991,59.26925
Ireland,IRL,1992,61.681023
Ireland,IRL,1993,62.440945
Ireland,IRL,1994,68.39255
Ireland,IRL,1995,69.824715
Ireland,IRL,1996,73.24784
Ireland,IRL,1997,78.033714
Ireland,IRL,1998,87.46068
Ireland,IRL,1999,98.69789
Ireland,IRL,2000,99.360954
Ireland,IRL,2001,106.50095
Ireland,IRL,2002,103.80247
Ireland,IRL,2003,101.32408
Ireland,IRL,2004,106.12375
Ireland,IRL,2005,111.53505
Ireland,IRL,2006,113.51547
Ireland,IRL,2007,112.17092
Ireland,IRL,2008,106.85292
Ireland,IRL,2009,91.39404
Ireland,IRL,2010,88.99753
Ireland,IRL,2011,83.32917
Ireland,IRL,2012,78.68121
Ireland,IRL,2013,79.802826
Ireland,IRL,2014,78.99451
Ireland,IRL,2015,81.82425
Ireland,IRL,2016,86.16183
Ireland,IRL,2017,85.46276
Ireland,IRL,2018,88.72634
Ireland,IRL,2019,88.71635
Ireland,IRL,2020,75.046776
Ireland,IRL,2021,81.74555
Ireland,IRL,2022,85.65837
Ireland,IRL,2023,84.52713
Ireland,IRL,2024,85.428696
Israel,ISR,1965,40.27698
Israel,ISR,1966,41.695316
Israel,ISR,1967,50.674126
Israel,ISR,1968,51.301483
Israel,ISR,1969,58.121662
Israel,ISR,1970,62.26058
Israel,ISR,1971,70.908646
Israel,ISR,1972,67.1222
Israel,ISR,1973,72.303604
Israel,ISR,1974,72.49729
Israel,ISR,1975,74.568344
Israel,ISR,1976,76.48452
Israel,ISR,1977,80.3445
Israel,ISR,1978,87.7867
Israel,ISR,1979,90.86663
Israel,ISR,1980,92.546585
Israel,ISR,1981,94.11931
Israel,ISR,1982,94.85222
Israel,ISR,1983,89.02869
Israel,ISR,1984,85.71314
Israel,ISR,1985,76.264885
Israel,ISR,1986,79.106224
Israel,ISR,1987,84.97657
Israel,ISR,1988,94.02596
Israel,ISR,1989,97.610435
Israel,ISR,1990,101.24891
Israel,ISR,1991,101.15154
Israel,ISR,1992,116.151215
Israel,ISR,1993,124.56148
Israel,ISR,1994,129.30417
Israel,ISR,1995,146.87704
Israel,ISR,1996,143.86281
Israel,ISR,1997,157.65808
Israel,ISR,1998,164.65373
Israel,ISR,1999,174.33197
Israel,ISR,2000,154.44406
Israel,ISR,2001,143.08977
Israel,ISR,2002,142.72649
Israel,ISR,2003,146.52625
Israel,ISR,2004,139.08589
Israel,ISR,2005,136.45407
Israel,ISR,2006,132.76782
Israel,ISR,2007,135.56348
Israel,ISR,2008,134.59229
Israel,ISR,2009,124.926895
Israel,ISR,2010,123.8482
Israel,ISR,2011,129.74031
Israel,ISR,2012,154.56673
Israel,ISR,2013,117.32228
Israel,ISR,2014,109.44141
Israel,ISR,2015,116.4035
Israel,ISR,2016,119.49044
Israel,ISR,2017,124.57352
Israel,ISR,2018,125.85821
Israel,ISR,2019,127.130394
Israel,ISR,2020,109.86071
Israel,ISR,2021,114.3978
Israel,ISR,2022,124.50161
Israel,ISR,2023,120.645256
Israel,ISR,2024,114.59136
Italy,ITA,1965,610.7383
Italy,ITA,1966,673.4347
Italy,ITA,1967,745.36487
Italy,ITA,1968,821.8544
Italy,ITA,1969,905.2703
Italy,ITA,1970,1024.0592
Italy,ITA,1971,1101.3706
Italy,ITA,1972,1156.2516
Italy,ITA,1973,1217.0194
Italy,ITA,1974,1184.078
Italy,ITA,1975,1112.0739
Italy,ITA,1976,1162.1108
Italy,ITA,1977,1130.0889
Italy,ITA,1978,1186.6757
Italy,ITA,1979,1225.9446
Italy,ITA,1980,1163.8812
Italy,ITA,1981,1138.7347
Italy,ITA,1982,1081.3064
Italy,ITA,1983,1053.4365
Italy,ITA,1984,1005.08795
Italy,ITA,1985,999.8842
Italy,ITA,1986,1023.8365
Italy,ITA,1987,1067.5886
Italy,ITA,1988,1086.6915
Italy,ITA,1989,1118.1211
Italy,ITA,1990,1424.875
Italy,ITA,1991,1312.1063
Italy,ITA,1992,1346.129
Italy,ITA,1993,1323.6052
Italy,ITA,1994,1319.4658
Italy,ITA,1995,1385.0332
Italy,ITA,1996,1374.6149
Italy,ITA,1997,1373.4979
Italy,ITA,1998,1329.4376
Italy,ITA,1999,1276.0321
Italy,ITA,2000,1125.4979
Italy,ITA,2001,1101.7239
Italy,ITA,2002,1124.5614
Italy,ITA,2003,1116.1444
Italy,ITA,2004,1099.3705
Italy,ITA,2005,1062.0243
Italy,ITA,2006,1069.8597
Italy,ITA,2007,1032.5938
Italy,ITA,2008,984.539
Italy,ITA,2009,898.9732
Italy,ITA,2010,878.6839
Italy,ITA,2011,851.1852
Italy,ITA,2012,790.2025
Italy,ITA,2013,711.2821
Italy,ITA,2014,725.4599
Italy,ITA,2015,736.12726
Italy,ITA,2016,721.54535
Italy,ITA,2017,722.2751
Italy,ITA,2018,738.58154
Italy,ITA,2019,724.5385
Italy,ITA,2020,595.9134
Italy,ITA,2021,665.1538
Italy,ITA,2022,729.38477
Italy,ITA,2023,714.07965
Italy,ITA,2024,712.7318
Japan,JPN,1965,1022.04364
Japan,JPN,1966,1220.0682
Japan,JPN,1967,1445.0398
Japan,JPN,1968,1645.5842
Japan,JPN,1969,2017.5236
Japan,JPN,1970,2444.1145
Japan,JPN,1971,2633.4075
Japan,JPN,1972,2894.374
Japan,JPN,1973,3271.468
Japan,JPN,1974,3098.383
Japan,JPN,1975,3070.5293
Japan,JPN,1976,3215.9766
Japan,JPN,1977,3247.2256
Japan,JPN,1978,3274.6074
Japan,JPN,1979,3221.443
Japan,JPN,1980,2871.159
Japan,JPN,1981,2707.4973
Japan,JPN,1982,2555.3738
Japan,JPN,1983,2620.6226
Japan,JPN,1984,2568.1838
Japan,JPN,1985,2509.7917
Japan,JPN,1986,2522.5608
Japan,JPN,1987,2639.6982
Japan,JPN,1988,2798.2007
Japan,JPN,1989,2871.3735
Japan,JPN,1990,2928.7988
Japan,JPN,1991,3023.089
Japan,JPN,1992,3098.17
Japan,JPN,1993,3044.2654
Japan,JPN,1994,3212.045
Japan,JPN,1995,3234.1843
Japan,JPN,1996,3259.9888
Japan,JPN,1997,3224.3533
Japan,JPN,1998,3134.1433
Japan,JPN,1999,3181.5173
Japan,JPN,2000,3179.2053
Japan,JPN,2001,3076.0095
Japan,JPN,2002,3026.113
Japan,JPN,2003,3117.3787
Japan,JPN,2004,3048.324
Japan,JPN,2005,3086.6357
Japan,JPN,2006,2975.8223
Japan,JPN,2007,2892.6091
Japan,JPN,2008,2780.0032
Japan,JPN,2009,2495.7231
Japan,JPN,2010,2514.3208
Japan,JPN,2011,2512.4082
Japan,JPN,2012,2665.7046
Japan,JPN,2013,2552.7695
Japan,JPN,2014,2422.78
Japan,JPN,2015,2335.274
Japan,JPN,2016,2269.2039
Japan,JPN,2017,2243.645
Japan,JPN,2018,2167.913
Japan,JPN,2019,2112.4573
Japan,JPN,2020,1877.5176
Japan,JPN,2021,1911.585
Japan,JPN,2022,1925.478
Japan,JPN,2023,1882.6602
Japan,JPN,2024,1782.8904
Kazakhstan,KAZ,1985,246.88788
Kazakhstan,KAZ,1986,224.8873
Kazakhstan,KAZ,1987,217.35507
Kazakhstan,KAZ,1988,218.25153
Kazakhstan,KAZ,1989,222.71523
Kazakhstan,KAZ,1990,256.32733
Kazakhstan,KAZ,1991,258.59717
Kazakhstan,KAZ,1992,241.5884
Kazakhstan,KAZ,1993,186.60751
Kazakhstan,KAZ,1994,146.3026
Kazakhstan,KAZ,1995,143.00717
Kazakhstan,KAZ,1996,120.90727
Kazakhstan,KAZ,1997,121.64777
Kazakhstan,KAZ,1998,101.10801
Kazakhstan,KAZ,1999,83.37866
Kazakhstan,KAZ,2000,92.2146
Kazakhstan,KAZ,2001,92.17118
Kazakhstan,KAZ,2002,94.16745
Kazakhstan,KAZ,2003,102.73209
Kazakhstan,KAZ,2004,105.7996
Kazakhstan,KAZ,2005,108.86972
Kazakhstan,KAZ,2006,125.20107
Kazakhstan,KAZ,2007,136.47191
Kazakhstan,KAZ,2008,135.96167
Kazakhstan,KAZ,2009,109.06764
Kazakhstan,KAZ,2010,113.105934
Kazakhstan,KAZ,2011,150.89111
Kazakhstan,KAZ,2012,161.30411
Kazakhstan,KAZ,2013,162.81444
Kazakhstan,KAZ,2014,167.67194
Kazakhstan,KAZ,2015,154.43547
Kazakhstan,KAZ,2016,157.86322
Kazakhstan,KAZ,2017,159.55869
Kazakhstan,KAZ,2018,170.21378
Kazakhstan,KAZ,2019,171.49725
Kazakhstan,KAZ,2020,148.74731
Kazakhstan,KAZ,2021,183.11275
Kazakhstan,KAZ,2022,180.0903
Kazakhstan,KAZ,2023,185.64178
Kazakhstan,KAZ,2024,192.4192
Kuwait,KWT,1965,61.96006
Kuwait,KWT,1966,60.271442
Kuwait,KWT,1967,58.632427
Kuwait,KWT,1968,57.05615
Kuwait,KWT,1969,55.53032
Kuwait,KWT,1970,54.056026
Kuwait,KWT,1971,53.168793
Kuwait,KWT,1972,57.331783
Kuwait,KWT,1973,54.19715
Kuwait,KWT,1974,49.556572
Kuwait,KWT,1975,38.492832
Kuwait,KWT,1976,45.590458
Kuwait,KWT,1977,44.11577
Kuwait,KWT,1978,47.563553
Kuwait,KWT,1979,53.34273
Kuwait,KWT,1980,46.04957
Kuwait,KWT,1981,64.21076
Kuwait,KWT,1982,72.00998
Kuwait,KWT,1983,79.70098
Kuwait,KWT,1984,84.2102
Kuwait,KWT,1985,80.65508
Kuwait,KWT,1986,83.613396
Kuwait,KWT,1987,82.10621
Kuwait,KWT,1988,79.01365
Kuwait,KWT,1989,77.53028
Kuwait,KWT,1990,51.68767
Kuwait,KWT,1991,41.370697
Kuwait,KWT,1992,56.785267
Kuwait,KWT,1993,48.682903
Kuwait,KWT,1994,60.2195
Kuwait,KWT,1995,62.408756
Kuwait,KWT,1996,60.6511
Kuwait,KWT,1997,66.98625
Kuwait,KWT,1998,100.81921
Kuwait,KWT,1999,115.729126
Kuwait,KWT,2000,126.9616
Kuwait,KWT,2001,129.56995
Kuwait,KWT,2002,150.12158
Kuwait,KWT,2003,183.11217
Kuwait,KWT,2004,206.34384
Kuwait,KWT,2005,224.51132
Kuwait,KWT,2006,210.7111
Kuwait,KWT,2007,212.68977
Kuwait,KWT,2008,224.64828
Kuwait,KWT,2009,231.70015
Kuwait,KWT,2010,265.2187
Kuwait,KWT,2011,251.17435
Kuwait,KWT,2012,246.72572
Kuwait,KWT,2013,267.69452
Kuwait,KWT,2014,255.98145
Kuwait,KWT,2015,263.328
Kuwait,KWT,2016,251.7362
Kuwait,KWT,2017,254.6148
Kuwait,KWT,2018,267.9817
Kuwait,KWT,2019,256.75195
Kuwait,KWT,2020,239.8204
Kuwait,KWT,2021,269.92224
Kuwait,KWT,2022,250.99081
Kuwait,KWT,2023,260.34518
Kuwait,KWT,2024,277.06586
Latvia,LVA,1985,67.93239
Latvia,LVA,1986,57.170307
Latvia,LVA,1987,46.47371
Latvia,LVA,1988,41.671085
Latvia,LVA,1989,41.656254
Latvia,LVA,1990,39.39039
Latvia,LVA,1991,38.05116
Latvia,LVA,1992,29.374146
Latvia,LVA,1993,26.326996
Latvia,LVA,1994,24.942257
Latvia,LVA,1995,22.464779
Latvia,LVA,1996,23.622612
Latvia,LVA,1997,20.98294
Latvia,LVA,1998,20.0967
Latvia,LVA,1999,18.727612
Latvia,LVA,2000,15.440622
Latvia,LVA,2001,17.956295
Latvia,LVA,2002,17.819523
Latvia,LVA,2003,18.005838
Latvia,LVA,2004,19.358784
Latvia,LVA,2005,20.517754
Latvia,LVA,2006,19.316914
Latvia,LVA,2007,20.937656
Latvia,LVA,2008,20.536226
Latvia,LVA,2009,18.639688
Latvia,LVA,2010,21.028973
Latvia,LVA,2011,19.342073
Latvia,LVA,2012,19.337612
Latvia,LVA,2013,19.562712
Latvia,LVA,2014,19.589464
Latvia,LVA,2015,20.659561
Latvia,LVA,2016,21.412914
Latvia,LVA,2017,21.701895
Latvia,LVA,2018,19.506718
Latvia,LVA,2019,22.321327
Latvia,LVA,2020,19.569078
Latvia,LVA,2021,20.47839
Latvia,LVA,2022,19.610828
Latvia,LVA,2023,19.468527
Latvia,LVA,2024,18.536423
Lithuania,LTU,1985,102.38193
Lithuania,LTU,1986,85.666695
Lithuania,LTU,1987,94.00656
Lithuania,LTU,1988,90.391785
Lithuania,LTU,1989,92.738045
Lithuania,LTU,1990,82.824165
Lithuania,LTU,1991,90.637054
Lithuania,LTU,1992,51.86617
Lithuania,LTU,1993,45.75867
Lithuania,LTU,1994,42.190865
Lithuania,LTU,1995,38.271038
Lithuania,LTU,1996,39.927193
Lithuania,LTU,1997,40.03619
Lithuania,LTU,1998,45.90011
Lithuania,LTU,1999,36.30458
Lithuania,LTU,2000,28.525013
Lithuania,LTU,2001,31.414404
Lithuania,LTU,2002,30.509422
Lithuania,LTU,2003,28.764093
Lithuania,LTU,2004,31.088854
Lithuania,LTU,2005,33.621483
Lithuania,LTU,2006,33.145622
Lithuania,LTU,2007,33.59571
Lithuania,LTU,2008,36.063103
Lithuania,LTU,2009,31.06497
Lithuania,LTU,2010,31.699005
Lithuania,LTU,2011,30.631077
Lithuania,LTU,2012,30.99526
Lithuania,LTU,2013,30.120863
Lithuania,LTU,2014,29.522429
Lithuania,LTU,2015,32.41703
Lithuania,LTU,2016,35.661934
Lithuania,LTU,2017,36.70305
Lithuania,LTU,2018,39.087585
Lithuania,LTU,2019,39.038982
Lithuania,LTU,2020,36.593956
Lithuania,LTU,2021,36.981213
Lithuania,LTU,2022,37.15651
Lithuania,LTU,2023,38.186306
Lithuania,LTU,2024,37.39961
Lower-middle-income countries,OWID_LMC,1965,369.64374
Lower-middle-income countries,OWID_LMC,1966,427.02567
Lower-middle-income countries,OWID_LMC,1967,447.44092
Lower-middle-income countries,OWID_LMC,1968,494.28033
Lower-middle-income countries,OWID_LMC,1969,530.151
Lower-middle-income countries,OWID_LMC,1970,556.86475
Lower-middle-income countries,OWID_LMC,1971,578.0834
Lower-middle-income countries,OWID_LMC,1972,610.62024
Lower-middle-income countries,OWID_LMC,1973,639.4095
Lower-middle-income countries,OWID_LMC,1974,612.20874
Lower-middle-income countries,OWID_LMC,1975,640.82965
Lower-middle-income countries,OWID_LMC,1976,653.31464
Lower-middle-income countries,OWID_LMC,1977,701.4134
Lower-middle-income countries,OWID_LMC,1978,746.7272
Lower-middle-income countries,OWID_LMC,1979,804.5752
Lower-middle-income countries,OWID_LMC,1980,834.93494
Lower-middle-income countries,OWID_LMC,1981,881.16077
Lower-middle-income countries,OWID_LMC,1982,932.71674
Lower-middle-income countries,OWID_LMC,1983,983.76044
Lower-middle-income countries,OWID_LMC,1984,1019.4967
Lower-middle-income countries,OWID_LMC,1985,1180.6937
Lower-middle-income countries,OWID_LMC,1986,1225.2864
Lower-middle-income countries,OWID_LMC,1987,1289.677
Lower-middle-income countries,OWID_LMC,1988,1368.174
Lower-middle-income countries,OWID_LMC,1989,1460.8506
Lower-middle-income countries,OWID_LMC,1990,1509.0233
Lower-middle-income countries,OWID_LMC,1991,1510.8577
Lower-middle-income countries,OWID_LMC,1992,1564.066
Lower-middle-income countries,OWID_LMC,1993,1587.4851
Lower-middle-income countries,OWID_LMC,1994,1674.3602
Lower-middle-income countries,OWID_LMC,1995,1845.822
Lower-middle-income countries,OWID_LMC,1996,1960.091
Lower-middle-income countries,OWID_LMC,1997,2095.8687
Lower-middle-income countries,OWID_LMC,1998,2197.3562
Lower-middle-income countries,OWID_LMC,1999,2318.3418
Lower-middle-income countries,OWID_LMC,2000,2369.9983
Lower-middle-income countries,OWID_LMC,2001,2364.283
Lower-middle-income countries,OWID_LMC,2002,2402.5264
Lower-middle-income countries,OWID_LMC,2003,2407.9084
Lower-middle-income countries,OWID_LMC,2004,2546.3804
Lower-middle-income countries,OWID_LMC,2005,2576.3218
Lower-middle-income countries,OWID_LMC,2006,2662.1953
Lower-middle-income countries,OWID_LMC,2007,2839.7
Lower-middle-income countries,OWID_LMC,2008,2950.245
Lower-middle-income countries,OWID_LMC,2009,3079.0642
Lower-middle-income countries,OWID_LMC,2010,3179.5361
Lower-middle-income countries,OWID_LMC,2011,3286.4722
Lower-middle-income countries,OWID_LMC,2012,3421.244
Lower-middle-income countries,OWID_LMC,2013,3469.305
Lower-middle-income countries,OWID_LMC,2014,3587.9302
Lower-middle-income countries,OWID_LMC,2015,3864.8096
Lower-middle-income countries,OWID_LMC,2016,4196.9683
Lower-middle-income countries,OWID_LMC,2017,4323.344
Lower-middle-income countries,OWID_LMC,2018,4380.4883
Lower-middle-income countries,OWID_LMC,2019,4446.26
Lower-middle-income countries,OWID_LMC,2020,4007.3567
Lower-middle-income countries,OWID_LMC,2021,4174.7407
Lower-middle-income countries,OWID_LMC,2022,4543.096
Lower-middle-income countries,OWID_LMC,2023,4619.154
Lower-middle-income countries,OWID_LMC,2024,4815.369
Luxembourg,LUX,1965,9.832363
Luxembourg,LUX,1966,11.189572
Luxembourg,LUX,1967,12.358045
Luxembourg,LUX,1968,13.641634
Luxembourg,LUX,1969,15.104542
Luxembourg,LUX,1970,16.02329
Luxembourg,LUX,1971,16.681265
Luxembourg,LUX,1972,17.51691
Luxembourg,LUX,1973,19.464947
Luxembourg,LUX,1974,17.504738
Luxembourg,LUX,1975,15.61211
Luxembourg,LUX,1976,16.907217
Luxembourg,LUX,1977,16.632332
Luxembourg,LUX,1978,16.749968
Luxembourg,LUX,1979,15.525217
Luxembourg,LUX,1980,12.98823
Luxembourg,LUX,1981,12.481877
Luxembourg,LUX,1982,12.346533
Luxembourg,LUX,1983,11.758569
Luxembourg,LUX,1984,11.779353
Luxembourg,LUX,1985,12.517873
Luxembourg,LUX,1986,13.635571
Luxembourg,LUX,1987,15.456239
Luxembourg,LUX,1988,15.865759
Luxembourg,LUX,1989,17.436583
Luxembourg,LUX,1990,19.125217
Luxembourg,LUX,1991,22.28313
Luxembourg,LUX,1992,22.93275
Luxembourg,LUX,1993,22.86836
Luxembourg,LUX,1994,22.842442
Luxembourg,LUX,1995,21.410866
Luxembourg,LUX,1996,22.176525
Luxembourg,LUX,1997,23.158905
Luxembourg,LUX,1998,24.09103
Luxembourg,LUX,1999,25.739426
Luxembourg,LUX,2000,27.610802
Luxembourg,LUX,2001,29.310978
Luxembourg,LUX,2002,29.86881
Luxembourg,LUX,2003,32.06685
Luxembourg,LUX,2004,36.371384
Luxembourg,LUX,2005,37.356655
Luxembourg,LUX,2006,35.52233
Luxembourg,LUX,2007,34.57503
Luxembourg,LUX,2008,34.84931
Luxembourg,LUX,2009,32.625046
Luxembourg,LUX,2010,34.167213
Luxembourg,LUX,2011,34.88955
Luxembourg,LUX,2012,33.672718
Luxembourg,LUX,2013,33.112263
Luxembourg,LUX,2014,31.917315
Luxembourg,LUX,2015,31.355448
Luxembourg,LUX,2016,31.312542
Luxembourg,LUX,2017,32.775616
Luxembourg,LUX,2018,34.678898
Luxembourg,LUX,2019,35.056538
Luxembourg,LUX,2020,28.461853
Luxembourg,LUX,2021,30.569939
Luxembourg,LUX,2022,27.838793
Luxembourg,LUX,2023,26.817352
Luxembourg,LUX,2024,27.646286
Malaysia,MYS,1965,31.176205
Malaysia,MYS,1966,35.99366
Malaysia,MYS,1967,38.8187
Malaysia,MYS,1968,39.98575
Malaysia,MYS,1969,43.46176
Malaysia,MYS,1970,40.44124
Malaysia,MYS,1971,45.043636
Malaysia,MYS,1972,49.28976
Malaysia,MYS,1973,52.4388
Malaysia,MYS,1974,52.282986
Malaysia,MYS,1975,54.681435
Malaysia,MYS,1976,61.35862
Malaysia,MYS,1977,73.671425
Malaysia,MYS,1978,79.16399
Malaysia,MYS,1979,88.513306
Malaysia,MYS,1980,96.19926
Malaysia,MYS,1981,103.69143
Malaysia,MYS,1982,107.58703
Malaysia,MYS,1983,115.040695
Malaysia,MYS,1984,113.108444
Malaysia,MYS,1985,111.31613
Malaysia,MYS,1986,102.545456
Malaysia,MYS,1987,105.06764
Malaysia,MYS,1988,112.245155
Malaysia,MYS,1989,116.46208
Malaysia,MYS,1990,135.13397
Malaysia,MYS,1991,153.59685
Malaysia,MYS,1992,181.72055
Malaysia,MYS,1993,187.49182
Malaysia,MYS,1994,197.3366
Malaysia,MYS,1995,225.68347
Malaysia,MYS,1996,247.44212
Malaysia,MYS,1997,282.96338
Malaysia,MYS,1998,258.76495
Malaysia,MYS,1999,252.93382
Malaysia,MYS,2000,273.37418
Malaysia,MYS,2001,295.61264
Malaysia,MYS,2002,319.9746
Malaysia,MYS,2003,334.79303
Malaysia,MYS,2004,351.0072
Malaysia,MYS,2005,363.53732
Malaysia,MYS,2006,351.68854
Malaysia,MYS,2007,374.9842
Malaysia,MYS,2008,360.4522
Malaysia,MYS,2009,357.81046
Malaysia,MYS,2010,361.47537
Malaysia,MYS,2011,369.18195
Malaysia,MYS,2012,404.4225
Malaysia,MYS,2013,430.01007
Malaysia,MYS,2014,429.4578
Malaysia,MYS,2015,398.72943
Malaysia,MYS,2016,443.14453
Malaysia,MYS,2017,417.47427
Malaysia,MYS,2018,423.70773
Malaysia,MYS,2019,460.3622
Malaysia,MYS,2020,382.43192
Malaysia,MYS,2021,371.0073
Malaysia,MYS,2022,449.95392
Malaysia,MYS,2023,488.6479
Malaysia,MYS,2024,499.89972
Mexico,MEX,1965,178.4483
Mexico,MEX,1966,186.99396
Mexico,MEX,1967,200.27634
Mexico,MEX,1968,217.7839
Mexico,MEX,1969,230.15845
Mexico,MEX,1970,247.47473
Mexico,MEX,1971,262.43677
Mexico,MEX,1972,295.5131
Mexico,MEX,1973,316.24557
Mexico,MEX,1974,357.2522
Mexico,MEX,1975,394.2111
Mexico,MEX,1976,434.23633
Mexico,MEX,1977,448.20316
Mexico,MEX,1978,504.61945
Mexico,MEX,1979,541.5423
Mexico,MEX,1980,603.66943
Mexico,MEX,1981,660.86053
Mexico,MEX,1982,684.2733
Mexico,MEX,1983,666.7178
Mexico,MEX,1984,705.7309
Mexico,MEX,1985,734.98035
Mexico,MEX,1986,744.0882
Mexico,MEX,1987,780.32104
Mexico,MEX,1988,778.4027
Mexico,MEX,1989,832.9989
Mexico,MEX,1990,916.3862
Mexico,MEX,1991,941.7247
Mexico,MEX,1992,954.6505
Mexico,MEX,1993,947.33923
Mexico,MEX,1994,1021.43054
Mexico,MEX,1995,950.10956
Mexico,MEX,1996,964.5441
Mexico,MEX,1997,1006.9446
Mexico,MEX,1998,1054.3689
Mexico,MEX,1999,1047.314
Mexico,MEX,2000,1120.5376
Mexico,MEX,2001,1107.69
Mexico,MEX,2002,1052.2218
Mexico,MEX,2003,1086.2057
Mexico,MEX,2004,1138.6555
Mexico,MEX,2005,1226.7955
Mexico,MEX,2006,1185.0917
Mexico,MEX,2007,1236.5321
Mexico,MEX,2008,1275.9948
Mexico,MEX,2009,1219.6002
Mexico,MEX,2010,1171.3154
Mexico,MEX,2011,1188.146
Mexico,MEX,2012,1213.6655
Mexico,MEX,2013,1175.1095
Mexico,MEX,2014,1121.4913
Mexico,MEX,2015,1087.8053
Mexico,MEX,2016,1117.6816
Mexico,MEX,2017,1090.6477
Mexico,MEX,2018,1021.4716
Mexico,MEX,2019,974.0516
Mexico,MEX,2020,838.9448
Mexico,MEX,2021,956.6506
Mexico,MEX,2022,1048.4077
Mexico,MEX,2023,991.90405
Mexico,MEX,2024,1000.65967
Middle Africa (EI),,1965,24.153852
Middle Africa (EI),,1966,24.541733
Middle Africa (EI),,1967,25.013054
Middle Africa (EI),,1968,25.758215
Middle Africa (EI),,1969,26.483376
Middle Africa (EI),,1970,26.868773
Middle Africa (EI),,1971,31.117725
Middle Africa (EI),,1972,32.45925
Middle Africa (EI),,1973,33.63476
Middle Africa (EI),,1974,34.716637
Middle Africa (EI),,1975,33.801495
Middle Africa (EI),,1976,34.649208
Middle Africa (EI),,1977,37.209366
Middle Africa (EI),,1978,43.980724
Middle Africa (EI),,1979,44.275116
Middle Africa (EI),,1980,44.587627
Middle Africa (EI),,1981,47.20677
Middle Africa (EI),,1982,43.847256
Middle Africa (EI),,1983,50.073887
Middle Africa (EI),,1984,45.308628
Middle Africa (EI),,1985,50.879715
Middle Africa (EI),,1986,48.55702
Middle Africa (EI),,1987,49.547092
Middle Africa (EI),,1988,52.38567
Middle Africa (EI),,1989,53.232727
Middle Africa (EI),,1990,48.542786
Middle Africa (EI),,1991,46.20842
Middle Africa (EI),,1992,46.063183
Middle Africa (EI),,1993,47.79885
Middle Africa (EI),,1994,47.06603
Middle Africa (EI),,1995,45.6702
Middle Africa (EI),,1996,45.850822
Middle Africa (EI),,1997,47.462116
Middle Africa (EI),,1998,44.828396
Middle Africa (EI),,1999,47.44829
Middle Africa (EI),,2000,52.607033
Middle Africa (EI),,2001,54.82449
Middle Africa (EI),,2002,58.228672
Middle Africa (EI),,2003,64.098274
Middle Africa (EI),,2004,67.92118
Middle Africa (EI),,2005,63.70361
Middle Africa (EI),,2006,73.22454
Middle Africa (EI),,2007,83.40256
Middle Africa (EI),,2008,94.3352
Middle Africa (EI),,2009,106.850044
Middle Africa (EI),,2010,113.013145
Middle Africa (EI),,2011,120.09036
Middle Africa (EI),,2012,136.15453
Middle Africa (EI),,2013,154.99556
Middle Africa (EI),,2014,163.981
Middle Africa (EI),,2015,160.27644
Middle Africa (EI),,2016,147.57378
Middle Africa (EI),,2017,138.95601
Middle Africa (EI),,2018,138.94731
Middle Africa (EI),,2019,147.52406
Middle Africa (EI),,2020,123.329445
Middle Africa (EI),,2021,146.71263
Middle Africa (EI),,2022,156.20384
Middle Africa (EI),,2023,161.12393
Middle Africa (EI),,2024,163.35991
Middle East (EI),,1965,491.44632
Middle East (EI),,1966,503.79022
Middle East (EI),,1967,525.9555
Middle East (EI),,1968,541.7199
Middle East (EI),,1969,563.47205
Middle East (EI),,1970,597.932
Middle East (EI),,1971,640.9845
Middle East (EI),,1972,681.81573
Middle East (EI),,1973,739.85297
Middle East (EI),,1974,786.39124
Middle East (EI),,1975,752.7221
Middle East (EI),,1976,858.6772
Middle East (EI),,1977,974.5657
Middle East (EI),,1978,1025.7974
Middle East (EI),,1979,1159.3568
Middle East (EI),,1980,1105.1887
Middle East (EI),,1981,1207.3092
Middle East (EI),,1982,1319.083
Middle East (EI),,1983,1480.3762
Middle East (EI),,1984,1614.4957
Middle East (EI),,1985,1700.036
Middle East (EI),,1986,1695.3226
Middle East (EI),,1987,1778.6248
Middle East (EI),,1988,1846.8553
Middle East (EI),,1989,1894.5106
Middle East (EI),,1990,1952.7263
Middle East (EI),,1991,2020.1422
Middle East (EI),,1992,2152.5942
Middle East (EI),,1993,2304.9902
Middle East (EI),,1994,2532.5642
Middle East (EI),,1995,2519.83
Middle East (EI),,1996,2575.292
Middle East (EI),,1997,2706.9
Middle East (EI),,1998,2693.9055
Middle East (EI),,1999,2686.036
Middle East (EI),,2000,2821.891
Middle East (EI),,2001,2940.6384
Middle East (EI),,2002,3007.5442
Middle East (EI),,2003,3109.5422
Middle East (EI),,2004,3318.288
Middle East (EI),,2005,3505.7163
Middle East (EI),,2006,3669.4243
Middle East (EI),,2007,3726.9783
Middle East (EI),,2008,3994.0679
Middle East (EI),,2009,4027.079
Middle East (EI),,2010,4243.2915
Middle East (EI),,2011,4379.6143
Middle East (EI),,2012,4540.2256
Middle East (EI),,2013,4703.882
Middle East (EI),,2014,4807.553
Middle East (EI),,2015,4785.235
Middle East (EI),,2016,4897.3657
Middle East (EI),,2017,4966.5728
Middle East (EI),,2018,4925.084
Middle East (EI),,2019,4823.918
Middle East (EI),,2020,4449.2954
Middle East (EI),,2021,4731.287
Middle East (EI),,2022,5030.438
Middle East (EI),,2023,5157.4805
Middle East (EI),,2024,5261.138
Morocco,MAR,1965,11.545965
Morocco,MAR,1966,16.513165
Morocco,MAR,1967,18.142168
Morocco,MAR,1968,19.909143
Morocco,MAR,1969,21.551186
Morocco,MAR,1970,22.557482
Morocco,MAR,1971,23.806576
Morocco,MAR,1972,25.329979
Morocco,MAR,1973,30.294249
Morocco,MAR,1974,32.480705
Morocco,MAR,1975,33.62336
Morocco,MAR,1976,36.71666
Morocco,MAR,1977,41.40305
Morocco,MAR,1978,44.40629
Morocco,MAR,1979,50.361397
Morocco,MAR,1980,51.022358
Morocco,MAR,1981,50.176956
Morocco,MAR,1982,52.81164
Morocco,MAR,1983,53.351723
Morocco,MAR,1984,55.4834
Morocco,MAR,1985,55.25038
Morocco,MAR,1986,54.291435
Morocco,MAR,1987,54.274662
Morocco,MAR,1988,58.015285
Morocco,MAR,1989,63.67005
Morocco,MAR,1990,65.89839
Morocco,MAR,1991,65.97015
Morocco,MAR,1992,77.84268
Morocco,MAR,1993,79.18833
Morocco,MAR,1994,86.091125
Morocco,MAR,1995,81.52536
Morocco,MAR,1996,76.85733
Morocco,MAR,1997,81.739136
Morocco,MAR,1998,81.00673
Morocco,MAR,1999,89.25713
Morocco,MAR,2000,83.48259
Morocco,MAR,2001,83.637276
Morocco,MAR,2002,87.03641
Morocco,MAR,2003,87.084114
Morocco,MAR,2004,100.61575
Morocco,MAR,2005,109.33425
Morocco,MAR,2006,110.873024
Morocco,MAR,2007,115.9952
Morocco,MAR,2008,127.88396
Morocco,MAR,2009,129.22275
Morocco,MAR,2010,143.70778
Morocco,MAR,2011,153.33934
Morocco,MAR,2012,154.29112
Morocco,MAR,2013,156.06314
Morocco,MAR,2014,148.68529
Morocco,MAR,2015,145.51521
Morocco,MAR,2016,149.06464
Morocco,MAR,2017,157.80403
Morocco,MAR,2018,154.05064
Morocco,MAR,2019,156.34242
Morocco,MAR,2020,136.37965
Morocco,MAR,2021,154.74522
Morocco,MAR,2022,159.52397
Morocco,MAR,2023,158.34901
Morocco,MAR,2024,168.33871
Netherlands,NLD,1965,295.90454
Netherlands,NLD,1966,320.87744
Netherlands,NLD,1967,327.9667
Netherlands,NLD,1968,353.75812
Netherlands,NLD,1969,385.8374
Netherlands,NLD,1970,429.0313
Netherlands,NLD,1971,423.7892
Netherlands,NLD,1972,472.7687
Netherlands,NLD,1973,487.92667
Netherlands,NLD,1974,418.32547
Netherlands,NLD,1975,412.4857
Netherlands,NLD,1976,464.20844
Netherlands,NLD,1977,445.5194
Netherlands,NLD,1978,455.18344
Netherlands,NLD,1979,490.44183
Netherlands,NLD,1980,458.67545
Netherlands,NLD,1981,426.86795
Netherlands,NLD,1982,373.0677
Netherlands,NLD,1983,353.5345
Netherlands,NLD,1984,349.0069
Netherlands,NLD,1985,353.14587
Netherlands,NLD,1986,391.56683
Netherlands,NLD,1987,394.37207
Netherlands,NLD,1988,418.44595
Netherlands,NLD,1989,412.89236
Netherlands,NLD,1990,428.5198
Netherlands,NLD,1991,411.34976
Netherlands,NLD,1992,431.89185
Netherlands,NLD,1993,426.74704
Netherlands,NLD,1994,424.05542
Netherlands,NLD,1995,447.47482
Netherlands,NLD,1996,447.37653
Netherlands,NLD,1997,464.7484
Netherlands,NLD,1998,470.2668
Netherlands,NLD,1999,479.29358
Netherlands,NLD,2000,486.18246
Netherlands,NLD,2001,509.71863
Netherlands,NLD,2002,512.05084
Netherlands,NLD,2003,512.8084
Netherlands,NLD,2004,536.42145
Netherlands,NLD,2005,569.4229
Netherlands,NLD,2006,567.0726
Netherlands,NLD,2007,583.52014
Netherlands,NLD,2008,554.87646
Netherlands,NLD,2009,530.0778
Netherlands,NLD,2010,568.00195
Netherlands,NLD,2011,567.4297
Netherlands,NLD,2012,555.9069
Netherlands,NLD,2013,529.2256
Netherlands,NLD,2014,518.6247
Netherlands,NLD,2015,506.33072
Netherlands,NLD,2016,517.8793
Netherlands,NLD,2017,520.68384
Netherlands,NLD,2018,506.27664
Netherlands,NLD,2019,493.69165
Netherlands,NLD,2020,469.74258
Netherlands,NLD,2021,470.53452
Netherlands,NLD,2022,460.97098
Netherlands,NLD,2023,463.73584
Netherlands,NLD,2024,432.99857
New Zealand,NZL,1965,32.636177
New Zealand,NZL,1966,36.133484
New Zealand,NZL,1967,37.95181
New Zealand,NZL,1968,38.99597
New Zealand,NZL,1969,40.50511
New Zealand,NZL,1970,47.609863
New Zealand,NZL,1971,49.17649
New Zealand,NZL,1972,52.94315
New Zealand,NZL,1973,55.96276
New Zealand,NZL,1974,52.95165
New Zealand,NZL,1975,51.229183
New Zealand,NZL,1976,52.702564
New Zealand,NZL,1977,52.725574
New Zealand,NZL,1978,50.76636
New Zealand,NZL,1979,51.13983
New Zealand,NZL,1980,48.85752
New Zealand,NZL,1981,46.47539
New Zealand,NZL,1982,46.44149
New Zealand,NZL,1983,44.486046
New Zealand,NZL,1984,45.900852
New Zealand,NZL,1985,43.00212
New Zealand,NZL,1986,38.701366
New Zealand,NZL,1987,44.81707
New Zealand,NZL,1988,43.816986
New Zealand,NZL,1989,45.22757
New Zealand,NZL,1990,50.82389
New Zealand,NZL,1991,51.70254
New Zealand,NZL,1992,53.341465
New Zealand,NZL,1993,53.03442
New Zealand,NZL,1994,61.31527
New Zealand,NZL,1995,66.30301
New Zealand,NZL,1996,67.54738
New Zealand,NZL,1997,70.94438
New Zealand,NZL,1998,71.860794
New Zealand,NZL,1999,72.871544
New Zealand,NZL,2000,74.42254
New Zealand,NZL,2001,75.244286
New Zealand,NZL,2002,77.48304
New Zealand,NZL,2003,82.19651
New Zealand,NZL,2004,81.031
New Zealand,NZL,2005,85.43949
New Zealand,NZL,2006,85.78982
New Zealand,NZL,2007,86.17487
New Zealand,NZL,2008,87.22484
New Zealand,NZL,2009,83.42176
New Zealand,NZL,2010,84.065125
New Zealand,NZL,2011,86.09149
New Zealand,NZL,2012,85.01531
New Zealand,NZL,2013,86.03652
New Zealand,NZL,2014,87.7147
New Zealand,NZL,2015,91.3292
New Zealand,NZL,2016,94.55283
New Zealand,NZL,2017,99.15122
New Zealand,NZL,2018,99.42633
New Zealand,NZL,2019,101.82973
New Zealand,NZL,2020,84.275246
New Zealand,NZL,2021,83.892586
New Zealand,NZL,2022,82.97209
New Zealand,NZL,2023,88.68957
New Zealand,NZL,2024,89.66032
Non-OECD (EI),,1965,4566.254
Non-OECD (EI),,1966,4914.702
Non-OECD (EI),,1967,5245.811
Non-OECD (EI),,1968,5632.0156
Non-OECD (EI),,1969,6035.0327
Non-OECD (EI),,1970,6614.9805
Non-OECD (EI),,1971,7130.878
Non-OECD (EI),,1972,7749.4336
Non-OECD (EI),,1973,8469.141
Non-OECD (EI),,1974,9016.871
Non-OECD (EI),,1975,9350.5
Non-OECD (EI),,1976,9921.6
Non-OECD (EI),,1977,10515.85
Non-OECD (EI),,1978,11207.152
Non-OECD (EI),,1979,11659.337
Non-OECD (EI),,1980,11832.386
Non-OECD (EI),,1981,11948.43
Non-OECD (EI),,1982,12052.744
Non-OECD (EI),,1983,12153.719
Non-OECD (EI),,1984,12346.227
Non-OECD (EI),,1985,12334.78
Non-OECD (EI),,1986,12634.302
Non-OECD (EI),,1987,13021.202
Non-OECD (EI),,1988,13367.992
Non-OECD (EI),,1989,13678.848
Non-OECD (EI),,1990,14025.877
Non-OECD (EI),,1991,13978.064
Non-OECD (EI),,1992,13887.163
Non-OECD (EI),,1993,13633.079
Non-OECD (EI),,1994,13777.158
Non-OECD (EI),,1995,14075.083
Non-OECD (EI),,1996,14236.351
Non-OECD (EI),,1997,14983.937
Non-OECD (EI),,1998,15030.958
Non-OECD (EI),,1999,15321.158
Non-OECD (EI),,2000,15956.743
Non-OECD (EI),,2001,16394.719
Non-OECD (EI),,2002,16748.227
Non-OECD (EI),,2003,17297.932
Non-OECD (EI),,2004,18574.016
Non-OECD (EI),,2005,19009.588
Non-OECD (EI),,2006,19792.143
Non-OECD (EI),,2007,20500.809
Non-OECD (EI),,2008,21092.912
Non-OECD (EI),,2009,21425.111
Non-OECD (EI),,2010,22787.943
Non-OECD (EI),,2011,23548.807
Non-OECD (EI),,2012,24535.867
Non-OECD (EI),,2013,25218.623
Non-OECD (EI),,2014,25844.062
Non-OECD (EI),,2015,26481.332
Non-OECD (EI),,2016,27177.762
Non-OECD (EI),,2017,27822.146
Non-OECD (EI),,2018,28256.814
Non-OECD (EI),,2019,28627.887
Non-OECD (EI),,2020,26837.527
Non-OECD (EI),,2021,28077.838
Non-OECD (EI),,2022,29198.756
Non-OECD (EI),,2023,30643.512
Non-OECD (EI),,2024,31058.848
North America,OWID_NAM,1965,7506.414
North America,OWID_NAM,1966,7875.018
North America,OWID_NAM,1967,8203.526
North America,OWID_NAM,1968,8743.642
North America,OWID_NAM,1969,9170.439
North America,OWID_NAM,1970,9623.501
North America,OWID_NAM,1971,9955.128
North America,OWID_NAM,1972,10731.912
North America,OWID_NAM,1973,11412.023
North America,OWID_NAM,1974,11087.142
North America,OWID_NAM,1975,10877.055
North America,OWID_NAM,1976,11633.746
North America,OWID_NAM,1977,12218.014
North America,OWID_NAM,1978,12544.354
North America,OWID_NAM,1979,12383.885
North America,OWID_NAM,1980,11616.032
North America,OWID_NAM,1981,10979.948
North America,OWID_NAM,1982,10401.833
North America,OWID_NAM,1983,10274.947
North America,OWID_NAM,1984,10600.945
North America,OWID_NAM,1985,10577.358
North America,OWID_NAM,1986,11030.397
North America,OWID_NAM,1987,11292.589
North America,OWID_NAM,1988,11719.245
North America,OWID_NAM,1989,11828.131
North America,OWID_NAM,1990,11627.485
North America,OWID_NAM,1991,11403.613
North America,OWID_NAM,1992,11631.3545
North America,OWID_NAM,1993,11725.947
North America,OWID_NAM,1994,12085.442
North America,OWID_NAM,1995,12052.832
North America,OWID_NAM,1996,12454.821
North America,OWID_NAM,1997,12687.5625
North America,OWID_NAM,1998,12957.112
North America,OWID_NAM,1999,13245.317
North America,OWID_NAM,2000,13505.396
North America,OWID_NAM,2001,13548.293
North America,OWID_NAM,2002,13537.22
North America,OWID_NAM,2003,13788.379
North America,OWID_NAM,2004,14295.212
North America,OWID_NAM,2005,14374.834
North America,OWID_NAM,2006,14111.697
North America,OWID_NAM,2007,14222.218
North America,OWID_NAM,2008,13456.133
North America,OWID_NAM,2009,12806.355
North America,OWID_NAM,2010,12973.546
North America,OWID_NAM,2011,12792.41
North America,OWID_NAM,2012,12582.46
North America,OWID_NAM,2013,12682.881
North America,OWID_NAM,2014,12695.498
North America,OWID_NAM,2015,12905.511
North America,OWID_NAM,2016,13015.902
North America,OWID_NAM,2017,13071.514
North America,OWID_NAM,2018,13284.409
North America,OWID_NAM,2019,13218.356
North America,OWID_NAM,2020,11542.611
North America,OWID_NAM,2021,12555.775
North America,OWID_NAM,2022,12771.6
North America,OWID_NAM,2023,12775.235
North America,OWID_NAM,2024,12803.618
North America (EI),,1965,7235.743
North America (EI),,1966,7595.5015
North America (EI),,1967,7912.1763
North America (EI),,1968,8445.538
North America (EI),,1969,8863.542
North America (EI),,1970,9278.467
North America (EI),,1971,9601.971
North America (EI),,1972,10339.758
North America (EI),,1973,10981.134
North America (EI),,1974,10655.762
North America (EI),,1975,10457.2705
North America (EI),,1976,11201.72
North America (EI),,1977,11765.75
North America (EI),,1978,12085.726
North America (EI),,1979,11920.961
North America (EI),,1980,11158.744
North America (EI),,1981,10516.988
North America (EI),,1982,9982.074
North America (EI),,1983,9868.889
North America (EI),,1984,10178.155
North America (EI),,1985,10178.442
North America (EI),,1986,10622.383
North America (EI),,1987,10874.315
North America (EI),,1988,11301.78
North America (EI),,1989,11391.114
North America (EI),,1990,11188.664
North America (EI),,1991,10966.316
North America (EI),,1992,11192.3
North America (EI),,1993,11278.325
North America (EI),,1994,11613.778
North America (EI),,1995,11566.787
North America (EI),,1996,11957.43
North America (EI),,1997,12164.239
North America (EI),,1998,12400.766
North America (EI),,1999,12699.929
North America (EI),,2000,12884.661
North America (EI),,2001,12890.577
North America (EI),,2002,12877.108
North America (EI),,2003,13120.048
North America (EI),,2004,13619.013
North America (EI),,2005,13692.412
North America (EI),,2006,13411.923
North America (EI),,2007,13534.151
North America (EI),,2008,12799.248
North America (EI),,2009,12179.265
North America (EI),,2010,12338.808
North America (EI),,2011,12159.753
North America (EI),,2012,11967.093
North America (EI),,2013,12086.557
North America (EI),,2014,12090.519
North America (EI),,2015,12259.106
North America (EI),,2016,12348.457
North America (EI),,2017,12405.218
North America (EI),,2018,12619.048
North America (EI),,2019,12551.286
North America (EI),,2020,10988.412
North America (EI),,2021,11969.303
North America (EI),,2022,12166.076
North America (EI),,2023,12153.994
North America (EI),,2024,12158.81
North Macedonia,MKD,1990,12.740927
North Macedonia,MKD,1991,11.406301
North Macedonia,MKD,1992,12.286933
North Macedonia,MKD,1993,13.216734
North Macedonia,MKD,1994,10.265979
North Macedonia,MKD,1995,9.655316
North Macedonia,MKD,1996,14.679261
North Macedonia,MKD,1997,12.305495
North Macedonia,MKD,1998,11.074813
North Macedonia,MKD,1999,11.075541
North Macedonia,MKD,2000,11.268543
North Macedonia,MKD,2001,9.231523
North Macedonia,MKD,2002,10.424203
North Macedonia,MKD,2003,10.086404
North Macedonia,MKD,2004,10.276315
North Macedonia,MKD,2005,10.618795
North Macedonia,MKD,2006,11.223741
North Macedonia,MKD,2007,12.1110325
North Macedonia,MKD,2008,10.953669
North Macedonia,MKD,2009,11.272176
North Macedonia,MKD,2010,10.980215
North Macedonia,MKD,2011,11.351919
North Macedonia,MKD,2012,10.971921
North Macedonia,MKD,2013,10.721133
North Macedonia,MKD,2014,10.638594
North Macedonia,MKD,2015,11.40081
North Macedonia,MKD,2016,12.803833
North Macedonia,MKD,2017,12.18642
North Macedonia,MKD,2018,12.717901
North Macedonia,MKD,2019,12.735264
North Macedonia,MKD,2020,11.742942
North Macedonia,MKD,2021,12.747635
North Macedonia,MKD,2022,13.863104
North Macedonia,MKD,2023,13.787652
North Macedonia,MKD,2024,13.987595
Norway,NOR,1965,60.316517
Norway,NOR,1966,68.08452
Norway,NOR,1967,70.49037
Norway,NOR,1968,78.40632
Norway,NOR,1969,86.189644
Norway,NOR,1970,97.02359
Norway,NOR,1971,96.00081
Norway,NOR,1972,100.55224
Norway,NOR,1973,102.16668
Norway,NOR,1974,92.957924
Norway,NOR,1975,96.23275
Norway,NOR,1976,106.44093
Norway,NOR,1977,104.85937
Norway,NOR,1978,116.656334
Norway,NOR,1979,116.01388
Norway,NOR,1980,112.084496
Norway,NOR,1981,104.1835
Norway,NOR,1982,100.11227
Norway,NOR,1983,98.31226
Norway,NOR,1984,102.18023
Norway,NOR,1985,107.2148
Norway,NOR,1986,114.97386
Norway,NOR,1987,114.59487
Norway,NOR,1988,107.5932
Norway,NOR,1989,108.83679
Norway,NOR,1990,102.262924
Norway,NOR,1991,96.73145
Norway,NOR,1992,96.99234
Norway,NOR,1993,99.619385
Norway,NOR,1994,103.50979
Norway,NOR,1995,106.96972
Norway,NOR,1996,114.43929
Norway,NOR,1997,114.82874
Norway,NOR,1998,115.234085
Norway,NOR,1999,116.51929
Norway,NOR,2000,108.98533
Norway,NOR,2001,114.80474
Norway,NOR,2002,113.964355
Norway,NOR,2003,118.46245
Norway,NOR,2004,113.56331
Norway,NOR,2005,115.055374
Norway,NOR,2006,117.82399
Norway,NOR,2007,121.140755
Norway,NOR,2008,114.245056
Norway,NOR,2009,113.279816
Norway,NOR,2010,119.77769
Norway,NOR,2011,116.16441
Norway,NOR,2012,116.08983
Norway,NOR,2013,117.56478
Norway,NOR,2014,114.27068
Norway,NOR,2015,116.293976
Norway,NOR,2016,112.658714
Norway,NOR,2017,111.99559
Norway,NOR,2018,115.44276
Norway,NOR,2019,110.24316
Norway,NOR,2020,102.11662
Norway,NOR,2021,104.95941
Norway,NOR,2022,107.240074
Norway,NOR,2023,108.04425
Norway,NOR,2024,107.61894
OECD (EI),,1965,13445.202
OECD (EI),,1966,14511.711
OECD (EI),,1967,15533.106
OECD (EI),,1968,16878.477
OECD (EI),,1969,18410.361
OECD (EI),,1970,20069.746
OECD (EI),,1971,20985.707
OECD (EI),,1972,22585.963
OECD (EI),,1973,24261.043
OECD (EI),,1974,23213.523
OECD (EI),,1975,22646.012
OECD (EI),,1976,24139.87
OECD (EI),,1977,24678.488
OECD (EI),,1978,25502.82
OECD (EI),,1979,25518.658
OECD (EI),,1980,23736.26
OECD (EI),,1981,22341.531
OECD (EI),,1982,21217.268
OECD (EI),,1983,20943.71
OECD (EI),,1984,21277.375
OECD (EI),,1985,21349.902
OECD (EI),,1986,22076.174
OECD (EI),,1987,22486.996
OECD (EI),,1988,23273.945
OECD (EI),,1989,23536.842
OECD (EI),,1990,23880.938
OECD (EI),,1991,23898.768
OECD (EI),,1992,24517.61
OECD (EI),,1993,24613.166
OECD (EI),,1994,25291.016
OECD (EI),,1995,25591.29
OECD (EI),,1996,26340.28
OECD (EI),,1997,26668.15
OECD (EI),,1998,26757.662
OECD (EI),,1999,27114.625
OECD (EI),,2000,27059.883
OECD (EI),,2001,27003.6
OECD (EI),,2002,26948.861
OECD (EI),,2003,27312.953
OECD (EI),,2004,27839.166
OECD (EI),,2005,28007.297
OECD (EI),,2006,27644.807
OECD (EI),,2007,27586.709
OECD (EI),,2008,26599.738
OECD (EI),,2009,25208.857
OECD (EI),,2010,25404.596
OECD (EI),,2011,25029.469
OECD (EI),,2012,24826.344
OECD (EI),,2013,24704.19
OECD (EI),,2014,24492.328
OECD (EI),,2015,24812.701
OECD (EI),,2016,25136.752
OECD (EI),,2017,25441.188
OECD (EI),,2018,25535.97
OECD (EI),,2019,25369.377
OECD (EI),,2020,22263.715
OECD (EI),,2021,23768.982
OECD (EI),,2022,24363.352
OECD (EI),,2023,24195.176
OECD (EI),,2024,24233.234
Oceania,OWID_OCE,1965,232.65555
Oceania,OWID_OCE,1966,250.18103
Oceania,OWID_OCE,1967,272.33957
Oceania,OWID_OCE,1968,294.28094
Oceania,OWID_OCE,1969,302.95325
Oceania,OWID_OCE,1970,337.80527
Oceania,OWID_OCE,1971,354.72107
Oceania,OWID_OCE,1972,363.9765
Oceania,OWID_OCE,1973,387.8557
Oceania,OWID_OCE,1974,404.6868
Oceania,OWID_OCE,1975,399.33368
Oceania,OWID_OCE,1976,408.52405
Oceania,OWID_OCE,1977,425.32632
Oceania,OWID_OCE,1978,431.71304
Oceania,OWID_OCE,1979,437.05466
Oceania,OWID_OCE,1980,416.62512
Oceania,OWID_OCE,1981,408.8937
Oceania,OWID_OCE,1982,403.29065
Oceania,OWID_OCE,1983,385.20193
Oceania,OWID_OCE,1984,395.81516
Oceania,OWID_OCE,1985,394.52618
Oceania,OWID_OCE,1986,384.3547
Oceania,OWID_OCE,1987,397.8433
Oceania,OWID_OCE,1988,413.65363
Oceania,OWID_OCE,1989,429.37286
Oceania,OWID_OCE,1990,443.72836
Oceania,OWID_OCE,1991,432.9573
Oceania,OWID_OCE,1992,442.12042
Oceania,OWID_OCE,1993,455.4508
Oceania,OWID_OCE,1994,476.98978
Oceania,OWID_OCE,1995,494.0805
Oceania,OWID_OCE,1996,506.56277
Oceania,OWID_OCE,1997,517.00226
Oceania,OWID_OCE,1998,517.831
Oceania,OWID_OCE,1999,529.0255
Oceania,OWID_OCE,2000,530.4041
Oceania,OWID_OCE,2001,532.32965
Oceania,OWID_OCE,2002,539.4578
Oceania,OWID_OCE,2003,542.4564
Oceania,OWID_OCE,2004,552.3267
Oceania,OWID_OCE,2005,564.14136
Oceania,OWID_OCE,2006,579.43164
Oceania,OWID_OCE,2007,592.4452
Oceania,OWID_OCE,2008,599.94073
Oceania,OWID_OCE,2009,587.56256
Oceania,OWID_OCE,2010,603.3712
Oceania,OWID_OCE,2011,633.1518
Oceania,OWID_OCE,2012,646.4344
Oceania,OWID_OCE,2013,664.07355
Oceania,OWID_OCE,2014,663.1429
Oceania,OWID_OCE,2015,662.1078
Oceania,OWID_OCE,2016,666.75415
Oceania,OWID_OCE,2017,699.10034
Oceania,OWID_OCE,2018,710.02167
Oceania,OWID_OCE,2019,706.0284
Oceania,OWID_OCE,2020,606.44794
Oceania,OWID_OCE,2021,619.6125
Oceania,OWID_OCE,2022,651.9725
Oceania,OWID_OCE,2023,691.3856
Oceania,OWID_OCE,2024,710.1434
Oman,OMN,1965,0.09738055
Oman,OMN,1966,0.12186111
Oman,OMN,1967,0.5409833
Oman,OMN,1968,0.65190834
Oman,OMN,1969,0.9285111
Oman,OMN,1970,0.9359056
Oman,OMN,1971,15.471503
Oman,OMN,1972,17.677216
Oman,OMN,1973,15.375915
Oman,OMN,1974,14.127883
Oman,OMN,1975,12.904697
Oman,OMN,1976,14.856398
Oman,OMN,1977,14.312169
Oman,OMN,1978,13.616951
Oman,OMN,1979,14.083727
Oman,OMN,1980,10.59754
Oman,OMN,1981,10.412598
Oman,OMN,1982,11.140184
Oman,OMN,1983,12.101919
Oman,OMN,1984,14.831405
Oman,OMN,1985,16.363743
Oman,OMN,1986,16.131083
Oman,OMN,1987,15.300206
Oman,OMN,1988,16.171694
Oman,OMN,1989,17.119625
Oman,OMN,1990,22.143156
Oman,OMN,1991,36.021755
Oman,OMN,1992,33.199795
Oman,OMN,1993,32.153778
Oman,OMN,1994,27.272215
Oman,OMN,1995,30.523483
Oman,OMN,1996,29.08536
Oman,OMN,1997,25.371681
Oman,OMN,1998,25.316025
Oman,OMN,1999,31.64212
Oman,OMN,2000,34.205227
Oman,OMN,2001,38.914345
Oman,OMN,2002,44.760445
Oman,OMN,2003,42.767654
Oman,OMN,2004,41.771774
Oman,OMN,2005,47.496902
Oman,OMN,2006,50.021873
Oman,OMN,2007,51.09791
Oman,OMN,2008,67.18739
Oman,OMN,2009,63.931656
Oman,OMN,2010,72.929794
Oman,OMN,2011,78.92197
Oman,OMN,2012,85.93543
Oman,OMN,2013,99.81871
Oman,OMN,2014,102.40699
Oman,OMN,2015,105.91571
Oman,OMN,2016,108.666016
Oman,OMN,2017,117.4821
Oman,OMN,2018,125.13438
Oman,OMN,2019,122.40184
Oman,OMN,2020,100.00917
Oman,OMN,2021,110.717415
Oman,OMN,2022,126.39261
Oman,OMN,2023,126.780815
Oman,OMN,2024,123.50631
Other Asia Pacific (EI),,1965,43.02793
Other Asia Pacific (EI),,1966,44.816936
Other Asia Pacific (EI),,1967,46.998203
Other Asia Pacific (EI),,1968,48.880917
Other Asia Pacific (EI),,1969,50.75898
Other Asia Pacific (EI),,1970,53.165554
Other Asia Pacific (EI),,1971,54.987244
Other Asia Pacific (EI),,1972,66.8714
Other Asia Pacific (EI),,1973,65.10819
Other Asia Pacific (EI),,1974,71.67438
Other Asia Pacific (EI),,1975,64.15261
Other Asia Pacific (EI),,1976,71.792175
Other Asia Pacific (EI),,1977,70.29849
Other Asia Pacific (EI),,1978,79.08047
Other Asia Pacific (EI),,1979,86.00263
Other Asia Pacific (EI),,1980,92.647934
Other Asia Pacific (EI),,1981,94.80778
Other Asia Pacific (EI),,1982,93.50853
Other Asia Pacific (EI),,1983,93.50663
Other Asia Pacific (EI),,1984,98.62682
Other Asia Pacific (EI),,1985,96.98675
Other Asia Pacific (EI),,1986,106.25024
Other Asia Pacific (EI),,1987,102.157265
Other Asia Pacific (EI),,1988,102.09966
Other Asia Pacific (EI),,1989,96.313736
Other Asia Pacific (EI),,1990,106.448326
Other Asia Pacific (EI),,1991,94.09727
Other Asia Pacific (EI),,1992,88.19155
Other Asia Pacific (EI),,1993,91.8885
Other Asia Pacific (EI),,1994,90.56593
Other Asia Pacific (EI),,1995,96.62275
Other Asia Pacific (EI),,1996,103.64475
Other Asia Pacific (EI),,1997,105.5774
Other Asia Pacific (EI),,1998,112.09611
Other Asia Pacific (EI),,1999,107.333275
Other Asia Pacific (EI),,2000,118.73068
Other Asia Pacific (EI),,2001,125.11665
Other Asia Pacific (EI),,2002,125.678406
Other Asia Pacific (EI),,2003,128.86743
Other Asia Pacific (EI),,2004,135.46161
Other Asia Pacific (EI),,2005,135.99246
Other Asia Pacific (EI),,2006,142.30005
Other Asia Pacific (EI),,2007,149.1007
Other Asia Pacific (EI),,2008,142.77377
Other Asia Pacific (EI),,2009,159.06761
Other Asia Pacific (EI),,2010,181.75168
Other Asia Pacific (EI),,2011,190.79655
Other Asia Pacific (EI),,2012,193.331
Other Asia Pacific (EI),,2013,201.90114
Other Asia Pacific (EI),,2014,209.91434
Other Asia Pacific (EI),,2015,246.28896
Other Asia Pacific (EI),,2016,237.12183
Other Asia Pacific (EI),,2017,247.57437
Other Asia Pacific (EI),,2018,296.17175
Other Asia Pacific (EI),,2019,316.99835
Other Asia Pacific (EI),,2020,319.85056
Other Asia Pacific (EI),,2021,315.92346
Other Asia Pacific (EI),,2022,336.76004
Other Asia Pacific (EI),,2023,335.1693
Other Asia Pacific (EI),,2024,350.50058
Other CIS (EI),,1965,0
Other CIS (EI),,1966,0
Other CIS (EI),,1967,0
Other CIS (EI),,1968,0
Other CIS (EI),,1969,0
Other CIS (EI),,1970,0
Other CIS (EI),,1971,0
Other CIS (EI),,1972,0
Other CIS (EI),,1973,0
Other CIS (EI),,1974,0
Other CIS (EI),,1975,0
Other CIS (EI),,1976,0
Other CIS (EI),,1977,0
Other CIS (EI),,1978,0
Other CIS (EI),,1979,0
Other CIS (EI),,1980,0
Other CIS (EI),,1981,0
Other CIS (EI),,1982,0
Other CIS (EI),,1983,0
Other CIS (EI),,1984,0
Other CIS (EI),,1985,161.89275
Other CIS (EI),,1986,153.71777
Other CIS (EI),,1987,154.71912
Other CIS (EI),,1988,157.21523
Other CIS (EI),,1989,150.41055
Other CIS (EI),,1990,163.8584
Other CIS (EI),,1991,122.11328
Other CIS (EI),,1992,97.215775
Other CIS (EI),,1993,59.795506
Other CIS (EI),,1994,27.071808
Other CIS (EI),,1995,25.939083
Other CIS (EI),,1996,23.519672
Other CIS (EI),,1997,23.136938
Other CIS (EI),,1998,22.566864
Other CIS (EI),,1999,18.42924
Other CIS (EI),,2000,17.484343
Other CIS (EI),,2001,18.111172
Other CIS (EI),,2002,18.231867
Other CIS (EI),,2003,20.471972
Other CIS (EI),,2004,22.5408
Other CIS (EI),,2005,24.256271
Other CIS (EI),,2006,26.626247
Other CIS (EI),,2007,32.35106
Other CIS (EI),,2008,34.32966
Other CIS (EI),,2009,36.576866
Other CIS (EI),,2010,35.842125
Other CIS (EI),,2011,36.655796
Other CIS (EI),,2012,40.12556
Other CIS (EI),,2013,41.857136
Other CIS (EI),,2014,41.70975
Other CIS (EI),,2015,43.79229
Other CIS (EI),,2016,47.42322
Other CIS (EI),,2017,45.43591
Other CIS (EI),,2018,52.467163
Other CIS (EI),,2019,47.635494
Other CIS (EI),,2020,46.533077
Other CIS (EI),,2021,51.215027
Other CIS (EI),,2022,54.14341
Other CIS (EI),,2023,55.63289
Other CIS (EI),,2024,55.02628
Other Caribbean (EI),,1965,208.60762
Other Caribbean (EI),,1966,216.09839
Other Caribbean (EI),,1967,225.35216
Other Caribbean (EI),,1968,230.31865
Other Caribbean (EI),,1969,236.2401
Other Caribbean (EI),,1970,271.96637
Other Caribbean (EI),,1971,277.4471
Other Caribbean (EI),,1972,297.14667
Other Caribbean (EI),,1973,330.33167
Other Caribbean (EI),,1974,328.07315
Other Caribbean (EI),,1975,319.26907
Other Caribbean (EI),,1976,324.31482
Other Caribbean (EI),,1977,340.60236
Other Caribbean (EI),,1978,349.5298
Other Caribbean (EI),,1979,360.44946
Other Caribbean (EI),,1980,365.179
Other Caribbean (EI),,1981,373.3781
Other Caribbean (EI),,1982,328.11487
Other Caribbean (EI),,1983,318.27148
Other Caribbean (EI),,1984,336.41113
Other Caribbean (EI),,1985,310.31824
Other Caribbean (EI),,1986,318.3606
Other Caribbean (EI),,1987,329.27805
Other Caribbean (EI),,1988,331.80612
Other Caribbean (EI),,1989,349.18997
Other Caribbean (EI),,1990,343.56534
Other Caribbean (EI),,1991,335.6616
Other Caribbean (EI),,1992,319.48996
Other Caribbean (EI),,1993,323.86154
Other Caribbean (EI),,1994,341.96906
Other Caribbean (EI),,1995,341.91107
Other Caribbean (EI),,1996,353.94907
Other Caribbean (EI),,1997,376.39877
Other Caribbean (EI),,1998,387.91083
Other Caribbean (EI),,1999,370.03348
Other Caribbean (EI),,2000,445.5276
Other Caribbean (EI),,2001,470.79993
Other Caribbean (EI),,2002,470.12393
Other Caribbean (EI),,2003,470.83798
Other Caribbean (EI),,2004,472.08752
Other Caribbean (EI),,2005,477.09473
Other Caribbean (EI),,2006,483.20343
Other Caribbean (EI),,2007,461.11813
Other Caribbean (EI),,2008,426.10385
Other Caribbean (EI),,2009,399.35782
Other Caribbean (EI),,2010,403.9285
Other Caribbean (EI),,2011,397.00214
Other Caribbean (EI),,2012,378.12683
Other Caribbean (EI),,2013,355.46796
Other Caribbean (EI),,2014,359.35703
Other Caribbean (EI),,2015,376.70758
Other Caribbean (EI),,2016,387.50632
Other Caribbean (EI),,2017,381.12067
Other Caribbean (EI),,2018,385.97418
Other Caribbean (EI),,2019,365.1892
Other Caribbean (EI),,2020,315.6009
Other Caribbean (EI),,2021,317.45078
Other Caribbean (EI),,2022,321.00537
Other Caribbean (EI),,2023,320.356
Other Caribbean (EI),,2024,332.663
Other Europe (EI),,1965,48.481606
Other Europe (EI),,1966,57.071484
Other Europe (EI),,1967,69.79415
Other Europe (EI),,1968,81.16106
Other Europe (EI),,1969,87.15875
Other Europe (EI),,1970,103.87312
Other Europe (EI),,1971,131.577
Other Europe (EI),,1972,136.72339
Other Europe (EI),,1973,149.05057
Other Europe (EI),,1974,167.17003
Other Europe (EI),,1975,164.24593
Other Europe (EI),,1976,174.84212
Other Europe (EI),,1977,190.39807
Other Europe (EI),,1978,208.39676
Other Europe (EI),,1979,223.42972
Other Europe (EI),,1980,205.09486
Other Europe (EI),,1981,189.02563
Other Europe (EI),,1982,193.50087
Other Europe (EI),,1983,206.19823
Other Europe (EI),,1984,194.04118
Other Europe (EI),,1985,270.4784
Other Europe (EI),,1986,282.96594
Other Europe (EI),,1987,283.8762
Other Europe (EI),,1988,304.44565
Other Europe (EI),,1989,291.8203
Other Europe (EI),,1990,199.82326
Other Europe (EI),,1991,154.77339
Other Europe (EI),,1992,120.16522
Other Europe (EI),,1993,106.211235
Other Europe (EI),,1994,99.004265
Other Europe (EI),,1995,95.677765
Other Europe (EI),,1996,111.29369
Other Europe (EI),,1997,122.24186
Other Europe (EI),,1998,116.71945
Other Europe (EI),,1999,109.17144
Other Europe (EI),,2000,114.88323
Other Europe (EI),,2001,134.09581
Other Europe (EI),,2002,143.71252
Other Europe (EI),,2003,157.62851
Other Europe (EI),,2004,169.29544
Other Europe (EI),,2005,176.37833
Other Europe (EI),,2006,180.48015
Other Europe (EI),,2007,189.11958
Other Europe (EI),,2008,189.43675
Other Europe (EI),,2009,189.06203
Other Europe (EI),,2010,185.2315
Other Europe (EI),,2011,185.91241
Other Europe (EI),,2012,175.32056
Other Europe (EI),,2013,176.51196
Other Europe (EI),,2014,174.17264
Other Europe (EI),,2015,180.64578
Other Europe (EI),,2016,192.45985
Other Europe (EI),,2017,202.55246
Other Europe (EI),,2018,201.06679
Other Europe (EI),,2019,208.34238
Other Europe (EI),,2020,194.62373
Other Europe (EI),,2021,202.38788
Other Europe (EI),,2022,217.1643
Other Europe (EI),,2023,214.38185
Other Europe (EI),,2024,217.90517
Other Middle East (EI),,1965,58.54458
Other Middle East (EI),,1966,60.10043
Other Middle East (EI),,1967,61.279873
Other Middle East (EI),,1968,63.732838
Other Middle East (EI),,1969,65.92803
Other Middle East (EI),,1970,70.21201
Other Middle East (EI),,1971,73.10233
Other Middle East (EI),,1972,70.17309
Other Middle East (EI),,1973,79.88151
Other Middle East (EI),,1974,86.29515
Other Middle East (EI),,1975,91.75872
Other Middle East (EI),,1976,101.46921
Other Middle East (EI),,1977,111.68159
Other Middle East (EI),,1978,121.97486
Other Middle East (EI),,1979,139.56151
Other Middle East (EI),,1980,146.5537
Other Middle East (EI),,1981,157.68828
Other Middle East (EI),,1982,176.21642
Other Middle East (EI),,1983,190.7189
Other Middle East (EI),,1984,206.40521
Other Middle East (EI),,1985,211.30382
Other Middle East (EI),,1986,207.8273
Other Middle East (EI),,1987,220.76485
Other Middle East (EI),,1988,222.51076
Other Middle East (EI),,1989,219.85143
Other Middle East (EI),,1990,234.68332
Other Middle East (EI),,1991,255.40208
Other Middle East (EI),,1992,258.81937
Other Middle East (EI),,1993,264.9411
Other Middle East (EI),,1994,278.3801
Other Middle East (EI),,1995,290.08856
Other Middle East (EI),,1996,297.34894
Other Middle East (EI),,1997,303.57788
Other Middle East (EI),,1998,326.57355
Other Middle East (EI),,1999,332.66068
Other Middle East (EI),,2000,334.43723
Other Middle East (EI),,2001,342.30258
Other Middle East (EI),,2002,350.46237
Other Middle East (EI),,2003,359.58228
Other Middle East (EI),,2004,381.91455
Other Middle East (EI),,2005,434.9529
Other Middle East (EI),,2006,437.4495
Other Middle East (EI),,2007,447.22488
Other Middle East (EI),,2008,469.48502
Other Middle East (EI),,2009,459.24048
Other Middle East (EI),,2010,427.54507
Other Middle East (EI),,2011,427.1062
Other Middle East (EI),,2012,391.97012
Other Middle East (EI),,2013,367.80118
Other Middle East (EI),,2014,387.2821
Other Middle East (EI),,2015,331.1589
Other Middle East (EI),,2016,306.11075
Other Middle East (EI),,2017,326.49423
Other Middle East (EI),,2018,341.56168
Other Middle East (EI),,2019,333.69293
Other Middle East (EI),,2020,304.3602
Other Middle East (EI),,2021,294.0959
Other Middle East (EI),,2022,293.50235
Other Middle East (EI),,2023,296.83084
Other Middle East (EI),,2024,298.3719
Other Northern Africa (EI),,1965,21.499645
Other Northern Africa (EI),,1966,22.920618
Other Northern Africa (EI),,1967,24.180542
Other Northern Africa (EI),,1968,26.853968
Other Northern Africa (EI),,1969,28.624992
Other Northern Africa (EI),,1970,29.670698
Other Northern Africa (EI),,1971,26.677294
Other Northern Africa (EI),,1972,30.593481
Other Northern Africa (EI),,1973,37.6097
Other Northern Africa (EI),,1974,40.351715
Other Northern Africa (EI),,1975,40.92312
Other Northern Africa (EI),,1976,53.979774
Other Northern Africa (EI),,1977,61.638653
Other Northern Africa (EI),,1978,67.70329
Other Northern Africa (EI),,1979,73.96225
Other Northern Africa (EI),,1980,84.94063
Other Northern Africa (EI),,1981,95.04878
Other Northern Africa (EI),,1982,100.92901
Other Northern Africa (EI),,1983,109.491295
Other Northern Africa (EI),,1984,104.068855
Other Northern Africa (EI),,1985,108.90783
Other Northern Africa (EI),,1986,105.02594
Other Northern Africa (EI),,1987,121.5051
Other Northern Africa (EI),,1988,124.38438
Other Northern Africa (EI),,1989,125.54722
Other Northern Africa (EI),,1990,126.12196
Other Northern Africa (EI),,1991,128.75977
Other Northern Africa (EI),,1992,122.74099
Other Northern Africa (EI),,1993,136.18292
Other Northern Africa (EI),,1994,147.34013
Other Northern Africa (EI),,1995,154.73859
Other Northern Africa (EI),,1996,155.89726
Other Northern Africa (EI),,1997,161.79727
Other Northern Africa (EI),,1998,169.13235
Other Northern Africa (EI),,1999,176.12773
Other Northern Africa (EI),,2000,185.40541
Other Northern Africa (EI),,2001,184.64134
Other Northern Africa (EI),,2002,183.21599
Other Northern Africa (EI),,2003,195.72803
Other Northern Africa (EI),,2004,195.83707
Other Northern Africa (EI),,2005,207.68556
Other Northern Africa (EI),,2006,218.64392
Other Northern Africa (EI),,2007,202.24338
Other Northern Africa (EI),,2008,206.8583
Other Northern Africa (EI),,2009,220.87206
Other Northern Africa (EI),,2010,225.49707
Other Northern Africa (EI),,2011,149.50333
Other Northern Africa (EI),,2012,190.7503
Other Northern Africa (EI),,2013,199.4059
Other Northern Africa (EI),,2014,203.7302
Other Northern Africa (EI),,2015,180.4278
Other Northern Africa (EI),,2016,168.18935
Other Northern Africa (EI),,2017,185.5907
Other Northern Africa (EI),,2018,188.64178
Other Northern Africa (EI),,2019,183.04341
Other Northern Africa (EI),,2020,170.71693
Other Northern Africa (EI),,2021,193.82188
Other Northern Africa (EI),,2022,213.88438
Other Northern Africa (EI),,2023,230.69685
Other Northern Africa (EI),,2024,242.22868
Other South America (EI),,1965,36.97546
Other South America (EI),,1966,36.50606
Other South America (EI),,1967,37.54067
Other South America (EI),,1968,38.30692
Other South America (EI),,1969,41.0165
Other South America (EI),,1970,42.581207
Other South America (EI),,1971,43.66577
Other South America (EI),,1972,46.28043
Other South America (EI),,1973,47.24591
Other South America (EI),,1974,45.180435
Other South America (EI),,1975,50.419384
Other South America (EI),,1976,52.24743
Other South America (EI),,1977,53.69681
Other South America (EI),,1978,59.20731
Other South America (EI),,1979,62.039497
Other South America (EI),,1980,59.759865
Other South America (EI),,1981,59.631756
Other South America (EI),,1982,54.556164
Other South America (EI),,1983,48.869717
Other South America (EI),,1984,47.872337
Other South America (EI),,1985,47.019157
Other South America (EI),,1986,46.263866
Other South America (EI),,1987,47.213387
Other South America (EI),,1988,51.70772
Other South America (EI),,1989,52.52001
Other South America (EI),,1990,49.67177
Other South America (EI),,1991,54.007076
Other South America (EI),,1992,57.372494
Other South America (EI),,1993,60.10441
Other South America (EI),,1994,62.149147
Other South America (EI),,1995,71.45427
Other South America (EI),,1996,74.76357
Other South America (EI),,1997,74.428406
Other South America (EI),,1998,75.63734
Other South America (EI),,1999,83.55765
Other South America (EI),,2000,74.2561
Other South America (EI),,2001,70.93361
Other South America (EI),,2002,70.27984
Other South America (EI),,2003,72.17634
Other South America (EI),,2004,77.56307
Other South America (EI),,2005,77.77108
Other South America (EI),,2006,80.117516
Other South America (EI),,2007,87.35976
Other South America (EI),,2008,98.38644
Other South America (EI),,2009,99.45444
Other South America (EI),,2010,99.21157
Other South America (EI),,2011,106.34667
Other South America (EI),,2012,108.11798
Other South America (EI),,2013,110.29523
Other South America (EI),,2014,110.39547
Other South America (EI),,2015,112.78038
Other South America (EI),,2016,118.54318
Other South America (EI),,2017,120.7012
Other South America (EI),,2018,125.149605
Other South America (EI),,2019,128.44044
Other South America (EI),,2020,115.27781
Other South America (EI),,2021,134.14413
Other South America (EI),,2022,137.44348
Other South America (EI),,2023,139.5911
Other South America (EI),,2024,145.15648
Other Southern Africa (EI),,1965,0.8826726
Other Southern Africa (EI),,1966,0.8853896
Other Southern Africa (EI),,1967,0.92218363
Other Southern Africa (EI),,1968,0.9274876
Other Southern Africa (EI),,1969,0.9342522
Other Southern Africa (EI),,1970,0.94720644
Other Southern Africa (EI),,1971,0.9769534
Other Southern Africa (EI),,1972,1.0734878
Other Southern Africa (EI),,1973,1.311886
Other Southern Africa (EI),,1974,1.9701889
Other Southern Africa (EI),,1975,1.9861282
Other Southern Africa (EI),,1976,1.7178491
Other Southern Africa (EI),,1977,1.6709601
Other Southern Africa (EI),,1978,2.0676777
Other Southern Africa (EI),,1979,2.2925158
Other Southern Africa (EI),,1980,2.3986268
Other Southern Africa (EI),,1981,2.5718095
Other Southern Africa (EI),,1982,2.5340593
Other Southern Africa (EI),,1983,2.516029
Other Southern Africa (EI),,1984,2.5575464
Other Southern Africa (EI),,1985,2.6168897
Other Southern Africa (EI),,1986,3.0189898
Other Southern Africa (EI),,1987,3.1930535
Other Southern Africa (EI),,1988,3.5157273
Other Southern Africa (EI),,1989,4.225891
Other Southern Africa (EI),,1990,11.671857
Other Southern Africa (EI),,1991,11.7645445
Other Southern Africa (EI),,1992,13.456968
Other Southern Africa (EI),,1993,13.5994
Other Southern Africa (EI),,1994,13.817241
Other Southern Africa (EI),,1995,15.313
Other Southern Africa (EI),,1996,15.5384655
Other Southern Africa (EI),,1997,16.655138
Other Southern Africa (EI),,1998,17.334877
Other Southern Africa (EI),,1999,18.275957
Other Southern Africa (EI),,2000,18.534174
Other Southern Africa (EI),,2001,20.49826
Other Southern Africa (EI),,2002,19.758963
Other Southern Africa (EI),,2003,20.613594
Other Southern Africa (EI),,2004,20.672073
Other Southern Africa (EI),,2005,21.577198
Other Southern Africa (EI),,2006,21.525297
Other Southern Africa (EI),,2007,22.51596
Other Southern Africa (EI),,2008,24.98385
Other Southern Africa (EI),,2009,24.979403
Other Southern Africa (EI),,2010,24.520107
Other Southern Africa (EI),,2011,25.39341
Other Southern Africa (EI),,2012,26.560326
Other Southern Africa (EI),,2013,28.031406
Other Southern Africa (EI),,2014,28.642775
Other Southern Africa (EI),,2015,30.605911
Other Southern Africa (EI),,2016,30.93985
Other Southern Africa (EI),,2017,30.170649
Other Southern Africa (EI),,2018,32.88263
Other Southern Africa (EI),,2019,31.921099
Other Southern Africa (EI),,2020,29.153753
Other Southern Africa (EI),,2021,30.691528
Other Southern Africa (EI),,2022,31.728363
Other Southern Africa (EI),,2023,32.05491
Other Southern Africa (EI),,2024,32.32896
Pakistan,PAK,1965,44.92068
Pakistan,PAK,1966,46.11689
Pakistan,PAK,1967,51.5479
Pakistan,PAK,1968,58.71033
Pakistan,PAK,1969,55.06346
Pakistan,PAK,1970,54.475094
Pakistan,PAK,1971,51.2266
Pakistan,PAK,1972,42.280205
Pakistan,PAK,1973,43.33429
Pakistan,PAK,1974,46.68848
Pakistan,PAK,1975,48.48073
Pakistan,PAK,1976,48.495506
Pakistan,PAK,1977,51.05294
Pakistan,PAK,1978,53.865547
Pakistan,PAK,1979,57.54363
Pakistan,PAK,1980,60.102444
Pakistan,PAK,1981,63.786694
Pakistan,PAK,1982,70.18829
Pakistan,PAK,1983,77.34512
Pakistan,PAK,1984,83.87066
Pakistan,PAK,1985,89.51502
Pakistan,PAK,1986,96.47393
Pakistan,PAK,1987,105.70087
Pakistan,PAK,1988,113.84892
Pakistan,PAK,1989,122.017136
Pakistan,PAK,1990,127.602325
Pakistan,PAK,1991,134.32481
Pakistan,PAK,1992,146.81076
Pakistan,PAK,1993,160.0418
Pakistan,PAK,1994,171.56282
Pakistan,PAK,1995,185.97589
Pakistan,PAK,1996,195.58961
Pakistan,PAK,1997,201.5909
Pakistan,PAK,1998,208.43974
Pakistan,PAK,1999,216.01378
Pakistan,PAK,2000,223.08224
Pakistan,PAK,2001,218.72188
Pakistan,PAK,2002,213.196
Pakistan,PAK,2003,189.23907
Pakistan,PAK,2004,191.35683
Pakistan,PAK,2005,181.89467
Pakistan,PAK,2006,208.9376
Pakistan,PAK,2007,227.31567
Pakistan,PAK,2008,230.70963
Pakistan,PAK,2009,246.17116
Pakistan,PAK,2010,243.88008
Pakistan,PAK,2011,245.5318
Pakistan,PAK,2012,237.93188
Pakistan,PAK,2013,260.81177
Pakistan,PAK,2014,269.72635
Pakistan,PAK,2015,293.9605
Pakistan,PAK,2016,328.8486
Pakistan,PAK,2017,339.49326
Pakistan,PAK,2018,284.8369
Pakistan,PAK,2019,255.64151
Pakistan,PAK,2020,250.0316
Pakistan,PAK,2021,289.22247
Pakistan,PAK,2022,281.94827
Pakistan,PAK,2023,223.84207
Pakistan,PAK,2024,229.7078
Peru,PER,1965,43.167366
Peru,PER,1966,54.434715
Peru,PER,1967,54.83334
Peru,PER,1968,55.010834
Peru,PER,1969,54.147644
Peru,PER,1970,56.897606
Peru,PER,1971,56.256172
Peru,PER,1972,48.01101
Peru,PER,1973,55.933968
Peru,PER,1974,65.89939
Peru,PER,1975,69.020676
Peru,PER,1976,69.956894
Peru,PER,1977,69.8767
Peru,PER,1978,69.25631
Peru,PER,1979,71.98634
Peru,PER,1980,77.84784
Peru,PER,1981,79.46005
Peru,PER,1982,78.22812
Peru,PER,1983,67.83568
Peru,PER,1984,70.013115
Peru,PER,1985,67.58711
Peru,PER,1986,72.71551
Peru,PER,1987,80.29432
Peru,PER,1988,78.54944
Peru,PER,1989,69.60631
Peru,PER,1990,69.653175
Peru,PER,1991,64.45394
Peru,PER,1992,67.45526
Peru,PER,1993,70.536446
Peru,PER,1994,76.61635
Peru,PER,1995,86.40599
Peru,PER,1996,89.128136
Peru,PER,1997,88.13827
Peru,PER,1998,88.67419
Peru,PER,1999,90.520706
Peru,PER,2000,88.370544
Peru,PER,2001,83.596954
Peru,PER,2002,82.79648
Peru,PER,2003,78.31694
Peru,PER,2004,87.44952
Peru,PER,2005,85.74552
Peru,PER,2006,81.61111
Peru,PER,2007,84.94668
Peru,PER,2008,95.09226
Peru,PER,2009,96.45016
Peru,PER,2010,101.51832
Peru,PER,2011,112.06888
Peru,PER,2012,111.44959
Peru,PER,2013,116.81106
Peru,PER,2014,114.93645
Peru,PER,2015,122.69016
Peru,PER,2016,130.31395
Peru,PER,2017,132.51405
Peru,PER,2018,136.58823
Peru,PER,2019,140.72858
Peru,PER,2020,107.05611
Peru,PER,2021,132.77132
Peru,PER,2022,139.36807
Peru,PER,2023,143.33301
Peru,PER,2024,150.31696
Philippines,PHL,1965,57.4021
Philippines,PHL,1966,63.940327
Philippines,PHL,1967,69.58127
Philippines,PHL,1968,82.39472
Philippines,PHL,1969,88.841705
Philippines,PHL,1970,90.005615
Philippines,PHL,1971,97.47116
Philippines,PHL,1972,102.89429
Philippines,PHL,1973,114.859406
Philippines,PHL,1974,107.578
Philippines,PHL,1975,116.69449
Philippines,PHL,1976,119.77017
Philippines,PHL,1977,130.15947
Philippines,PHL,1978,134.74797
Philippines,PHL,1979,139.32352
Philippines,PHL,1980,130.49713
Philippines,PHL,1981,122.71493
Philippines,PHL,1982,122.00833
Philippines,PHL,1983,122.14318
Philippines,PHL,1984,99.97544
Philippines,PHL,1985,88.851875
Philippines,PHL,1986,93.15117
Philippines,PHL,1987,108.55486
Philippines,PHL,1988,117.03594
Philippines,PHL,1989,134.99716
Philippines,PHL,1990,138.08572
Philippines,PHL,1991,134.88847
Philippines,PHL,1992,153.05324
Philippines,PHL,1993,168.78473
Philippines,PHL,1994,173.19214
Philippines,PHL,1995,203.4543
Philippines,PHL,1996,211.86565
Philippines,PHL,1997,231.8534
Philippines,PHL,1998,225.1748
Philippines,PHL,1999,212.49382
Philippines,PHL,2000,197.78395
Philippines,PHL,2001,196.75143
Philippines,PHL,2002,187.04333
Philippines,PHL,2003,185.97559
Philippines,PHL,2004,189.62132
Philippines,PHL,2005,174.7675
Philippines,PHL,2006,160.22678
Philippines,PHL,2007,166.13818
Philippines,PHL,2008,158.71425
Philippines,PHL,2009,166.45232
Philippines,PHL,2010,173.30891
Philippines,PHL,2011,163.80655
Philippines,PHL,2012,170.33029
Philippines,PHL,2013,178.72589
Philippines,PHL,2014,189.80965
Philippines,PHL,2015,216.02942
Philippines,PHL,2016,231.9747
Philippines,PHL,2017,248.08119
Philippines,PHL,2018,252.43062
Philippines,PHL,2019,256.9457
Philippines,PHL,2020,209.64641
Philippines,PHL,2021,225.79019
Philippines,PHL,2022,247.79443
Philippines,PHL,2023,254.29778
Philippines,PHL,2024,267.58478
Poland,POL,1965,64.42476
Poland,POL,1966,67.00853
Poland,POL,1967,72.72037
Poland,POL,1968,90.98808
Poland,POL,1969,100.078026
Poland,POL,1970,105.8436
Poland,POL,1971,112.22479
Poland,POL,1972,125.95774
Poland,POL,1973,139.72865
Poland,POL,1974,147.14691
Poland,POL,1975,160.17279
Poland,POL,1976,176.80226
Poland,POL,1977,189.19632
Poland,POL,1978,202.32387
Poland,POL,1979,206.29735
Poland,POL,1980,203.74902
Poland,POL,1981,191.03615
Poland,POL,1982,180.37706
Poland,POL,1983,186.44765
Poland,POL,1984,191.37543
Poland,POL,1985,194.5768
Poland,POL,1986,200.98262
Poland,POL,1987,203.58064
Poland,POL,1988,208.54102
Poland,POL,1989,207.10391
Poland,POL,1990,189.75511
Poland,POL,1991,179.19951
Poland,POL,1992,163.77094
Poland,POL,1993,168.93677
Poland,POL,1994,178.15416
Poland,POL,1995,180.45341
Poland,POL,1996,210.81299
Poland,POL,1997,219.71667
Poland,POL,1998,249.8809
Poland,POL,1999,261.7574
Poland,POL,2000,240.63138
Poland,POL,2001,235.07964
Poland,POL,2002,239.5985
Poland,POL,2003,243.36378
Poland,POL,2004,260.05814
Poland,POL,2005,266.56586
Poland,POL,2006,284.99228
Poland,POL,2007,292.6572
Poland,POL,2008,300.85117
Poland,POL,2009,298.74213
Poland,POL,2010,314.1251
Poland,POL,2011,311.50574
Poland,POL,2012,298.3708
Poland,POL,2013,277.3465
Poland,POL,2014,277.49698
Poland,POL,2015,292.9932
Poland,POL,2016,321.5872
Poland,POL,2017,362.9471
Poland,POL,2018,372.2887
Poland,POL,2019,379.48453
Poland,POL,2020,359.47464
Poland,POL,2021,375.10825
Poland,POL,2022,389.42603
Poland,POL,2023,388.3266
Poland,POL,2024,393.9731
Portugal,PRT,1965,30.529514
Portugal,PRT,1966,31.292534
Portugal,PRT,1967,34.5241
Portugal,PRT,1968,37.036827
Portugal,PRT,1969,38.868618
Portugal,PRT,1970,53.695103
Portugal,PRT,1971,60.925808
Portugal,PRT,1972,66.27051
Portugal,PRT,1973,72.85421
Portugal,PRT,1974,77.65475
Portugal,PRT,1975,81.327896
Portugal,PRT,1976,85.188934
Portugal,PRT,1977,84.28477
Portugal,PRT,1978,87.35162
Portugal,PRT,1979,93.42953
Portugal,PRT,1980,100.01279
Portugal,PRT,1981,106.01108
Portugal,PRT,1982,111.01078
Portugal,PRT,1983,112.03898
Portugal,PRT,1984,111.80505
Portugal,PRT,1985,108.32346
Portugal,PRT,1986,115.462204
Portugal,PRT,1987,112.17974
Portugal,PRT,1988,117.46575
Portugal,PRT,1989,147.89993
Portugal,PRT,1990,140.2395
Portugal,PRT,1991,146.44716
Portugal,PRT,1992,162.93637
Portugal,PRT,1993,153.68877
Portugal,PRT,1994,155.42723
Portugal,PRT,1995,167.95164
Portugal,PRT,1996,159.85767
Portugal,PRT,1997,171.57802
Portugal,PRT,1998,187.91159
Portugal,PRT,1999,193.70639
Portugal,PRT,2000,189.41814
Portugal,PRT,2001,189.5344
Portugal,PRT,2002,196.06563
Portugal,PRT,2003,184.26161
Portugal,PRT,2004,186.39532
Portugal,PRT,2005,192.48924
Portugal,PRT,2006,170.36935
Portugal,PRT,2007,172.20227
Portugal,PRT,2008,164.78693
Portugal,PRT,2009,152.80612
Portugal,PRT,2010,149.48178
Portugal,PRT,2011,140.12875
Portugal,PRT,2012,127.39728
Portugal,PRT,2013,130.73607
Portugal,PRT,2014,129.18199
Portugal,PRT,2015,132.16782
Portugal,PRT,2016,134.93422
Portugal,PRT,2017,135.99239
Portugal,PRT,2018,131.66093
Portugal,PRT,2019,139.91884
Portugal,PRT,2020,114.11291
Portugal,PRT,2021,117.3465
Portugal,PRT,2022,128.5056
Portugal,PRT,2023,125.77155
Portugal,PRT,2024,122.7249
Qatar,QAT,1965,0.57273304
Qatar,QAT,1966,0.57199776
Qatar,QAT,1967,0.86582726
Qatar,QAT,1968,1.1196642
Qatar,QAT,1969,1.30044
Qatar,QAT,1970,1.1239372
Qatar,QAT,1971,1.0794972
Qatar,QAT,1972,1.2848859
Qatar,QAT,1973,1.6680158
Qatar,QAT,1974,2.2778795
Qatar,QAT,1975,2.7142978
Qatar,QAT,1976,3.7372403
Qatar,QAT,1977,4.9303584
Qatar,QAT,1978,4.820811
Qatar,QAT,1979,5.219366
Qatar,QAT,1980,4.30046
Qatar,QAT,1981,6.3161616
Qatar,QAT,1982,7.013765
Qatar,QAT,1983,7.672108
Qatar,QAT,1984,9.03474
Qatar,QAT,1985,9.599014
Qatar,QAT,1986,12.040971
Qatar,QAT,1987,11.789599
Qatar,QAT,1988,12.888711
Qatar,QAT,1989,13.575521
Qatar,QAT,1990,13.632662
Qatar,QAT,1991,11.84232
Qatar,QAT,1992,13.675576
Qatar,QAT,1993,14.634062
Qatar,QAT,1994,16.94264
Qatar,QAT,1995,16.422976
Qatar,QAT,1996,18.12003
Qatar,QAT,1997,22.133371
Qatar,QAT,1998,23.50374
Qatar,QAT,1999,22.346224
Qatar,QAT,2000,21.87208
Qatar,QAT,2001,24.90919
Qatar,QAT,2002,28.160334
Qatar,QAT,2003,32.888073
Qatar,QAT,2004,40.44577
Qatar,QAT,2005,44.74746
Qatar,QAT,2006,57.56555
Qatar,QAT,2007,63.685043
Qatar,QAT,2008,77.1617
Qatar,QAT,2009,75.47389
Qatar,QAT,2010,81.08316
Qatar,QAT,2011,102.54465
Qatar,QAT,2012,108.15663
Qatar,QAT,2013,129.21953
Qatar,QAT,2014,136.32497
Qatar,QAT,2015,159.36671
Qatar,QAT,2016,168.92227
Qatar,QAT,2017,151.88354
Qatar,QAT,2018,154.9846
Qatar,QAT,2019,169.01854
Qatar,QAT,2020,126.878494
Qatar,QAT,2021,139.33305
Qatar,QAT,2022,163.16772
Qatar,QAT,2023,176.40724
Qatar,QAT,2024,183.43208
Romania,ROU,1965,84.556404
Romania,ROU,1966,88.13735
Romania,ROU,1967,99.876396
Romania,ROU,1968,105.33326
Romania,ROU,1969,117.42678
Romania,ROU,1970,127.266594
Romania,ROU,1971,129.28983
Romania,ROU,1972,138.00856
Romania,ROU,1973,155.25238
Romania,ROU,1974,142.95157
Romania,ROU,1975,162.52592
Romania,ROU,1976,181.33104
Romania,ROU,1977,195.90225
Romania,ROU,1978,217.8757
Romania,ROU,1979,231.76279
Romania,ROU,1980,219.39137
Romania,ROU,1981,196.67183
Romania,ROU,1982,193.75221
Romania,ROU,1983,173.10956
Romania,ROU,1984,165.70328
Romania,ROU,1985,177.1799
Romania,ROU,1986,189.89893
Romania,ROU,1987,209.30614
Romania,ROU,1988,196.1682
Romania,ROU,1989,202.27863
Romania,ROU,1990,220.01799
Romania,ROU,1991,182.63083
Romania,ROU,1992,149.54388
Romania,ROU,1993,141.77019
Romania,ROU,1994,131.53973
Romania,ROU,1995,158.80493
Romania,ROU,1996,152.25682
Romania,ROU,1997,159.24866
Romania,ROU,1998,139.62064
Romania,ROU,1999,110.90115
Romania,ROU,2000,116.51867
Romania,ROU,2001,124.17176
Romania,ROU,2002,125.24762
Romania,ROU,2003,111.20932
Romania,ROU,2004,129.37505
Romania,ROU,2005,125.39648
Romania,ROU,2006,121.60156
Romania,ROU,2007,121.717094
Romania,ROU,2008,119.239265
Romania,ROU,2009,106.05386
Romania,ROU,2010,100.38229
Romania,ROU,2011,105.37204
Romania,ROU,2012,106.77398
Romania,ROU,2013,100.04368
Romania,ROU,2014,102.80272
Romania,ROU,2015,104.60035
Romania,ROU,2016,109.42975
Romania,ROU,2017,115.04343
Romania,ROU,2018,114.96409
Romania,ROU,2019,120.234085
Romania,ROU,2020,116.28466
Romania,ROU,2021,124.88678
Romania,ROU,2022,126.44314
Romania,ROU,2023,131.03668
Romania,ROU,2024,137.63705
Russia,RUS,1985,2936.284
Russia,RUS,1986,2971.3591
Russia,RUS,1987,2995.656
Russia,RUS,1988,2972.0117
Russia,RUS,1989,3027.4558
Russia,RUS,1990,2984.632
Russia,RUS,1991,2908.4788
Russia,RUS,1992,2777.474
Russia,RUS,1993,2316.0288
Russia,RUS,1994,2046.0374
Russia,RUS,1995,1785.4498
Russia,RUS,1996,1539.5094
Russia,RUS,1997,1526.9076
Russia,RUS,1998,1462.641
Russia,RUS,1999,1495.316
Russia,RUS,2000,1465.8062
Russia,RUS,2001,1509.4218
Russia,RUS,2002,1456.2139
Russia,RUS,2003,1509.1854
Russia,RUS,2004,1488.4772
Russia,RUS,2005,1493.8192
Russia,RUS,2006,1569.5916
Russia,RUS,2007,1561.667
Russia,RUS,2008,1611.6493
Russia,RUS,2009,1546.3186
Russia,RUS,2010,1604.9197
Russia,RUS,2011,1721.7162
Russia,RUS,2012,1780.8062
Russia,RUS,2013,1785.0247
Russia,RUS,2014,1875.5392
Russia,RUS,2015,1812.3582
Russia,RUS,2016,1839.1206
Russia,RUS,2017,1833.1202
Russia,RUS,2018,1850.8489
Russia,RUS,2019,1888.7246
Russia,RUS,2020,1815.7542
Russia,RUS,2021,1930.4956
Russia,RUS,2022,1982.0867
Russia,RUS,2023,2077.0332
Russia,RUS,2024,2129.1025
Saudi Arabia,SAU,1965,229.13556
Saudi Arabia,SAU,1966,231.1016
Saudi Arabia,SAU,1967,233.06764
Saudi Arabia,SAU,1968,235.05855
Saudi Arabia,SAU,1969,237.07053
Saudi Arabia,SAU,1970,247.49394
Saudi Arabia,SAU,1971,250.4564
Saudi Arabia,SAU,1972,267.64355
Saudi Arabia,SAU,1973,283.90036
Saudi Arabia,SAU,1974,297.71277
Saudi Arabia,SAU,1975,227.51585
Saudi Arabia,SAU,1976,265.00204
Saudi Arabia,SAU,1977,306.651
Saudi Arabia,SAU,1978,331.40424
Saudi Arabia,SAU,1979,400.6283
Saudi Arabia,SAU,1980,327.53833
Saudi Arabia,SAU,1981,393.52573
Saudi Arabia,SAU,1982,437.69144
Saudi Arabia,SAU,1983,486.50903
Saudi Arabia,SAU,1984,542.398
Saudi Arabia,SAU,1985,551.1338
Saudi Arabia,SAU,1986,545.259
Saudi Arabia,SAU,1987,577.13806
Saudi Arabia,SAU,1988,593.8246
Saudi Arabia,SAU,1989,573.4453
Saudi Arabia,SAU,1990,609.89703
Saudi Arabia,SAU,1991,638.3373
Saudi Arabia,SAU,1992,618.3813
Saudi Arabia,SAU,1993,622.47034
Saudi Arabia,SAU,1994,753.26544
Saudi Arabia,SAU,1995,722.1709
Saudi Arabia,SAU,1996,746.65784
Saudi Arabia,SAU,1997,759.519
Saudi Arabia,SAU,1998,807.787
Saudi Arabia,SAU,1999,836.53033
Saudi Arabia,SAU,2000,861.68463
Saudi Arabia,SAU,2001,912.18567
Saudi Arabia,SAU,2002,942.5885
Saudi Arabia,SAU,2003,998.4375
Saudi Arabia,SAU,2004,1078.3237
Saudi Arabia,SAU,2005,1134.0006
Saudi Arabia,SAU,2006,1202.0599
Saudi Arabia,SAU,2007,1236.4219
Saudi Arabia,SAU,2008,1363.5358
Saudi Arabia,SAU,2009,1459.5881
Saudi Arabia,SAU,2010,1617.5393
Saudi Arabia,SAU,2011,1680.0405
Saudi Arabia,SAU,2012,1769.6074
Saudi Arabia,SAU,2013,1779.6705
Saudi Arabia,SAU,2014,1957.39
Saudi Arabia,SAU,2015,2063.1904
Saudi Arabia,SAU,2016,2125.6958
Saudi Arabia,SAU,2017,2087.7917
Saudi Arabia,SAU,2018,1979.1284
Saudi Arabia,SAU,2019,1854.1469
Saudi Arabia,SAU,2020,1754.3173
Saudi Arabia,SAU,2021,1833.8433
Saudi Arabia,SAU,2022,1976.0636
Saudi Arabia,SAU,2023,2013.4003
Saudi Arabia,SAU,2024,2048.4558
Singapore,SGP,1965,47.841488
Singapore,SGP,1966,54.685574
Singapore,SGP,1967,65.72113
Singapore,SGP,1968,81.66476
Singapore,SGP,1969,80.28362
Singapore,SGP,1970,87.17049
Singapore,SGP,1971,75.6517
Singapore,SGP,1972,94.752754
Singapore,SGP,1973,89.27612
Singapore,SGP,1974,87.99668
Singapore,SGP,1975,85.97112
Singapore,SGP,1976,101.95272
Singapore,SGP,1977,102.324135
Singapore,SGP,1978,105.32004
Singapore,SGP,1979,112.32548
Singapore,SGP,1980,111.53652
Singapore,SGP,1981,128.3062
Singapore,SGP,1982,124.87468
Singapore,SGP,1983,132.27364
Singapore,SGP,1984,139.04439
Singapore,SGP,1985,141.7617
Singapore,SGP,1986,164.40309
Singapore,SGP,1987,172.8289
Singapore,SGP,1988,199.9983
Singapore,SGP,1989,228.1219
Singapore,SGP,1990,272.58282
Singapore,SGP,1991,277.38525
Singapore,SGP,1992,287.14056
Singapore,SGP,1993,310.94153
Singapore,SGP,1994,357.7661
Singapore,SGP,1995,373.77563
Singapore,SGP,1996,377.44174
Singapore,SGP,1997,397.76855
Singapore,SGP,1998,403.47717
Singapore,SGP,1999,399.2941
Singapore,SGP,2000,425.65808
Singapore,SGP,2001,455.65408
Singapore,SGP,2002,433.57513
Singapore,SGP,2003,401.47992
Singapore,SGP,2004,450.03885
Singapore,SGP,2005,478.8211
Singapore,SGP,2006,515.75745
Singapore,SGP,2007,565.32025
Singapore,SGP,2008,601.7366
Singapore,SGP,2009,648.4628
Singapore,SGP,2010,706.69885
Singapore,SGP,2011,739.26874
Singapore,SGP,2012,739.6302
Singapore,SGP,2013,737.6251
Singapore,SGP,2014,749.61005
Singapore,SGP,2015,788.3816
Singapore,SGP,2016,834.12115
Singapore,SGP,2017,849.9722
Singapore,SGP,2018,862.3708
Singapore,SGP,2019,840.75433
Singapore,SGP,2020,779.38904
Singapore,SGP,2021,769.9446
Singapore,SGP,2022,755.3795
Singapore,SGP,2023,859.01306
Singapore,SGP,2024,914.6049
Slovakia,SVK,1965,27.0471
Slovakia,SVK,1966,29.85093
Slovakia,SVK,1967,33.213135
Slovakia,SVK,1968,36.702866
Slovakia,SVK,1969,39.373753
Slovakia,SVK,1970,47.31742
Slovakia,SVK,1971,52.108093
Slovakia,SVK,1972,56.999817
Slovakia,SVK,1973,64.09421
Slovakia,SVK,1974,65.71883
Slovakia,SVK,1975,72.499275
Slovakia,SVK,1976,76.63874
Slovakia,SVK,1977,80.18542
Slovakia,SVK,1978,82.978584
Slovakia,SVK,1979,84.33484
Slovakia,SVK,1980,78.43337
Slovakia,SVK,1981,77.34563
Slovakia,SVK,1982,70.84797
Slovakia,SVK,1983,69.36173
Slovakia,SVK,1984,73.744385
Slovakia,SVK,1985,73.22342
Slovakia,SVK,1986,70.87256
Slovakia,SVK,1987,69.351006
Slovakia,SVK,1988,67.788506
Slovakia,SVK,1989,67.18965
Slovakia,SVK,1990,58.39318
Slovakia,SVK,1991,51.292625
Slovakia,SVK,1992,46.66264
Slovakia,SVK,1993,38.617085
Slovakia,SVK,1994,39.998745
Slovakia,SVK,1995,38.879288
Slovakia,SVK,1996,40.55369
Slovakia,SVK,1997,40.502552
Slovakia,SVK,1998,45.370716
Slovakia,SVK,1999,41.134815
Slovakia,SVK,2000,40.86502
Slovakia,SVK,2001,37.862465
Slovakia,SVK,2002,42.1887
Slovakia,SVK,2003,39.815987
Slovakia,SVK,2004,39.15278
Slovakia,SVK,2005,46.30309
Slovakia,SVK,2006,42.981777
Slovakia,SVK,2007,45.140682
Slovakia,SVK,2008,47.469074
Slovakia,SVK,2009,43.66324
Slovakia,SVK,2010,45.787838
Slovakia,SVK,2011,45.026745
Slovakia,SVK,2012,41.787235
Slovakia,SVK,2013,41.73799
Slovakia,SVK,2014,38.726368
Slovakia,SVK,2015,42.219578
Slovakia,SVK,2016,44.018665
Slovakia,SVK,2017,49.12412
Slovakia,SVK,2018,49.682873
Slovakia,SVK,2019,47.017704
Slovakia,SVK,2020,46.984623
Slovakia,SVK,2021,49.438286
Slovakia,SVK,2022,50.027363
Slovakia,SVK,2023,49.066074
Slovakia,SVK,2024,48.970085
Slovenia,SVN,1990,20.01729
Slovenia,SVN,1991,19.361153
Slovenia,SVN,1992,18.788427
Slovenia,SVN,1993,22.699755
Slovenia,SVN,1994,24.543419
Slovenia,SVN,1995,26.54689
Slovenia,SVN,1996,30.701279
Slovenia,SVN,1997,30.70264
Slovenia,SVN,1998,29.418524
Slovenia,SVN,1999,29.493504
Slovenia,SVN,2000,28.008863
Slovenia,SVN,2001,29.408028
Slovenia,SVN,2002,28.555616
Slovenia,SVN,2003,28.93552
Slovenia,SVN,2004,29.82088
Slovenia,SVN,2005,30.444403
Slovenia,SVN,2006,31.640657
Slovenia,SVN,2007,31.267454
Slovenia,SVN,2008,36.390366
Slovenia,SVN,2009,30.854256
Slovenia,SVN,2010,30.972471
Slovenia,SVN,2011,30.851475
Slovenia,SVN,2012,30.20445
Slovenia,SVN,2013,28.55647
Slovenia,SVN,2014,28.241379
Slovenia,SVN,2015,27.81775
Slovenia,SVN,2016,29.852818
Slovenia,SVN,2017,30.5679
Slovenia,SVN,2018,31.447231
Slovenia,SVN,2019,29.976591
Slovenia,SVN,2020,25.082165
Slovenia,SVN,2021,26.84194
Slovenia,SVN,2022,28.227678
Slovenia,SVN,2023,26.136494
Slovenia,SVN,2024,25.939632
South Africa,ZAF,1965,67.35819
South Africa,ZAF,1966,73.19014
South Africa,ZAF,1967,79.76973
South Africa,ZAF,1968,86.71
South Africa,ZAF,1969,95.325165
South Africa,ZAF,1970,103.30021
South Africa,ZAF,1971,112.90513
South Africa,ZAF,1972,123.06213
South Africa,ZAF,1973,135.76929
South Africa,ZAF,1974,132.2976
South Africa,ZAF,1975,140.55472
South Africa,ZAF,1976,142.11978
South Africa,ZAF,1977,140.73819
South Africa,ZAF,1978,147.81738
South Africa,ZAF,1979,140.08987
South Africa,ZAF,1980,144.07216
South Africa,ZAF,1981,156.1146
South Africa,ZAF,1982,158.24547
South Africa,ZAF,1983,159.86389
South Africa,ZAF,1984,174.05658
South Africa,ZAF,1985,170.03987
South Africa,ZAF,1986,164.14243
South Africa,ZAF,1987,173.64066
South Africa,ZAF,1988,191.27434
South Africa,ZAF,1989,198.1788
South Africa,ZAF,1990,200.10172
South Africa,ZAF,1991,201.7545
South Africa,ZAF,1992,208.36374
South Africa,ZAF,1993,216.77267
South Africa,ZAF,1994,226.23352
South Africa,ZAF,1995,241.26068
South Africa,ZAF,1996,248.50722
South Africa,ZAF,1997,252.60281
South Africa,ZAF,1998,256.45294
South Africa,ZAF,1999,259.98068
South Africa,ZAF,2000,264.2983
South Africa,ZAF,2001,269.9824
South Africa,ZAF,2002,276.9421
South Africa,ZAF,2003,286.9232
South Africa,ZAF,2004,297.69238
South Africa,ZAF,2005,298.21884
South Africa,ZAF,2006,304.0121
South Africa,ZAF,2007,310.24753
South Africa,ZAF,2008,294.21274
South Africa,ZAF,2009,288.54617
South Africa,ZAF,2010,302.4367
South Africa,ZAF,2011,306.0354
South Africa,ZAF,2012,313.72104
South Africa,ZAF,2013,319.58032
South Africa,ZAF,2014,316.09113
South Africa,ZAF,2015,344.80014
South Africa,ZAF,2016,331.5981
South Africa,ZAF,2017,332.06955
South Africa,ZAF,2018,321.92374
South Africa,ZAF,2019,315.92084
South Africa,ZAF,2020,274.01355
South Africa,ZAF,2021,288.2328
South Africa,ZAF,2022,287.79996
South Africa,ZAF,2023,290.035
South Africa,ZAF,2024,267.99243
South America,OWID_SAM,1965,748.86774
South America,OWID_SAM,1966,797.45856
South America,OWID_SAM,1967,816.93567
South America,OWID_SAM,1968,883.4704
South America,OWID_SAM,1969,919.49896
South America,OWID_SAM,1970,963.91394
South America,OWID_SAM,1971,1022.6999
South America,OWID_SAM,1972,1095.892
South America,OWID_SAM,1973,1196.4884
South America,OWID_SAM,1974,1262.2919
South America,OWID_SAM,1975,1259.2131
South America,OWID_SAM,1976,1320.3417
South America,OWID_SAM,1977,1380.9922
South America,OWID_SAM,1978,1445.5503
South America,OWID_SAM,1979,1524.208
South America,OWID_SAM,1980,1545.6742
South America,OWID_SAM,1981,1508.8494
South America,OWID_SAM,1982,1499.7385
South America,OWID_SAM,1983,1437.8907
South America,OWID_SAM,1984,1409.7246
South America,OWID_SAM,1985,1421.0114
South America,OWID_SAM,1986,1499.6467
South America,OWID_SAM,1987,1537.622
South America,OWID_SAM,1988,1589.618
South America,OWID_SAM,1989,1576.9712
South America,OWID_SAM,1990,1568.3661
South America,OWID_SAM,1991,1594.2153
South America,OWID_SAM,1992,1683.9165
South America,OWID_SAM,1993,1703.322
South America,OWID_SAM,1994,1816.4816
South America,OWID_SAM,1995,1893.7897
South America,OWID_SAM,1996,1941.6263
South America,OWID_SAM,1997,2070.066
South America,OWID_SAM,1998,2120.9734
South America,OWID_SAM,1999,2145.5715
South America,OWID_SAM,2000,2155.6655
South America,OWID_SAM,2001,2169.7778
South America,OWID_SAM,2002,2144.632
South America,OWID_SAM,2003,2058.8918
South America,OWID_SAM,2004,2180.8113
South America,OWID_SAM,2005,2244.4363
South America,OWID_SAM,2006,2330.325
South America,OWID_SAM,2007,2486.7866
South America,OWID_SAM,2008,2614.0615
South America,OWID_SAM,2009,2606.8052
South America,OWID_SAM,2010,2731.6204
South America,OWID_SAM,2011,2858.7263
South America,OWID_SAM,2012,3018.7058
South America,OWID_SAM,2013,3148.2017
South America,OWID_SAM,2014,3151.937
South America,OWID_SAM,2015,3019.527
South America,OWID_SAM,2016,2924.6184
South America,OWID_SAM,2017,2874.7004
South America,OWID_SAM,2018,2758.9421
South America,OWID_SAM,2019,2738.8474
South America,OWID_SAM,2020,2393.7222
South America,OWID_SAM,2021,2666.482
South America,OWID_SAM,2022,2871.0781
South America,OWID_SAM,2023,2930.037
South America,OWID_SAM,2024,2906.461
South Korea,KOR,1965,15.124584
South Korea,KOR,1966,22.645342
South Korea,KOR,1967,39.25714
South Korea,KOR,1968,58.03968
South Korea,KOR,1969,78.770836
South Korea,KOR,1970,98.390976
South Korea,KOR,1971,111.12396
South Korea,KOR,1972,115.992966
South Korea,KOR,1973,142.77956
South Korea,KOR,1974,147.48793
South Korea,KOR,1975,167.17403
South Korea,KOR,1976,187.67162
South Korea,KOR,1977,223.60997
South Korea,KOR,1978,255.69792
South Korea,KOR,1979,287.68427
South Korea,KOR,1980,284.98254
South Korea,KOR,1981,282.14676
South Korea,KOR,1982,280.0684
South Korea,KOR,1983,293.03107
South Korea,KOR,1984,294.2903
South Korea,KOR,1985,311.11945
South Korea,KOR,1986,338.9009
South Korea,KOR,1987,356.26428
South Korea,KOR,1988,425.95413
South Korea,KOR,1989,486.68192
South Korea,KOR,1990,589.9107
South Korea,KOR,1991,717.3476
South Korea,KOR,1992,868.07513
South Korea,KOR,1993,953.18195
South Korea,KOR,1994,1046.2953
South Korea,KOR,1995,1141.5756
South Korea,KOR,1996,1221.4814
South Korea,KOR,1997,1342.7759
South Korea,KOR,1998,1117.2625
South Korea,KOR,1999,1198.39
South Korea,KOR,2000,1227.263
South Korea,KOR,2001,1227.4758
South Korea,KOR,2002,1249.2571
South Korea,KOR,2003,1259.7499
South Korea,KOR,2004,1250.866
South Korea,KOR,2005,1257.2521
South Korea,KOR,2006,1258.554
South Korea,KOR,2007,1292.2332
South Korea,KOR,2008,1232.2426
South Korea,KOR,2009,1246.881
South Korea,KOR,2010,1273.9978
South Korea,KOR,2011,1286.9048
South Korea,KOR,2012,1332.9847
South Korea,KOR,2013,1335.017
South Korea,KOR,2014,1329.7906
South Korea,KOR,2015,1393.7773
South Korea,KOR,2016,1519.5157
South Korea,KOR,2017,1504.5671
South Korea,KOR,2018,1499.6987
South Korea,KOR,2019,1486.9941
South Korea,KOR,2020,1405.6753
South Korea,KOR,2021,1499.4344
South Korea,KOR,2022,1518.4937
South Korea,KOR,2023,1489.5963
South Korea,KOR,2024,1540.1671
South and Central America (EI),,1965,1019.5386
South and Central America (EI),,1966,1076.9752
South and Central America (EI),,1967,1108.2856
South and Central America (EI),,1968,1181.5742
South and Central America (EI),,1969,1226.397
South and Central America (EI),,1970,1308.9486
South and Central America (EI),,1971,1375.8567
South and Central America (EI),,1972,1488.046
South and Central America (EI),,1973,1627.3782
South and Central America (EI),,1974,1693.6722
South and Central America (EI),,1975,1678.9966
South and Central America (EI),,1976,1752.3674
South and Central America (EI),,1977,1833.2556
South and Central America (EI),,1978,1904.1782
South and Central America (EI),,1979,1987.1328
South and Central America (EI),,1980,2002.9622
South and Central America (EI),,1981,1971.8092
South and Central America (EI),,1982,1919.4972
South and Central America (EI),,1983,1843.949
South and Central America (EI),,1984,1832.5155
South and Central America (EI),,1985,1819.9281
South and Central America (EI),,1986,1907.6616
South and Central America (EI),,1987,1955.895
South and Central America (EI),,1988,2007.0831
South and Central America (EI),,1989,2013.9875
South and Central America (EI),,1990,2007.1876
South and Central America (EI),,1991,2031.512
South and Central America (EI),,1992,2122.9707
South and Central America (EI),,1993,2150.9434
South and Central America (EI),,1994,2288.1458
South and Central America (EI),,1995,2379.8335
South and Central America (EI),,1996,2439.0188
South and Central America (EI),,1997,2593.39
South and Central America (EI),,1998,2677.3196
South and Central America (EI),,1999,2690.9602
South and Central America (EI),,2000,2776.4006
South and Central America (EI),,2001,2827.493
South and Central America (EI),,2002,2804.7432
South and Central America (EI),,2003,2727.2222
South and Central America (EI),,2004,2857.0103
South and Central America (EI),,2005,2926.859
South and Central America (EI),,2006,3030.0996
South and Central America (EI),,2007,3174.8528
South and Central America (EI),,2008,3270.9453
South and Central America (EI),,2009,3233.8967
South and Central America (EI),,2010,3366.3591
South and Central America (EI),,2011,3491.3833
South and Central America (EI),,2012,3634.0732
South and Central America (EI),,2013,3744.5261
South and Central America (EI),,2014,3756.916
South and Central America (EI),,2015,3665.9326
South and Central America (EI),,2016,3592.0645
South and Central America (EI),,2017,3540.9968
South and Central America (EI),,2018,3424.303
South and Central America (EI),,2019,3405.9177
South and Central America (EI),,2020,2947.9214
South and Central America (EI),,2021,3252.955
South and Central America (EI),,2022,3476.6018
South and Central America (EI),,2023,3551.279
South and Central America (EI),,2024,3551.2703
Spain,ESP,1965,166.38136
Spain,ESP,1966,196.83344
Spain,ESP,1967,238.4801
Spain,ESP,1968,253.3006
Spain,ESP,1969,288.38126
Spain,ESP,1970,328.98575
Spain,ESP,1971,362.11
Spain,ESP,1972,381.81464
Spain,ESP,1973,458.62744
Spain,ESP,1974,480.74136
Spain,ESP,1975,499.90475
Spain,ESP,1976,567.02826
Spain,ESP,1977,535.35486
Spain,ESP,1978,551.28845
Spain,ESP,1979,584.30664
Spain,ESP,1980,618.6684
Spain,ESP,1981,599.03894
Spain,ESP,1982,566.287
Spain,ESP,1983,567.4309
Spain,ESP,1984,535.18097
Spain,ESP,1985,515.2207
Spain,ESP,1986,510.47852
Spain,ESP,1987,536.0967
Spain,ESP,1988,548.8795
Spain,ESP,1989,575.179
Spain,ESP,1990,556.60004
Spain,ESP,1991,568.6487
Spain,ESP,1992,637.358
Spain,ESP,1993,607.8931
Spain,ESP,1994,638.54456
Spain,ESP,1995,679.26404
Spain,ESP,1996,697.5843
Spain,ESP,1997,705.9866
Spain,ESP,1998,762.26117
Spain,ESP,1999,810.89856
Spain,ESP,2000,822.15295
Spain,ESP,2001,848.1993
Spain,ESP,2002,866.395
Spain,ESP,2003,875.835
Spain,ESP,2004,883.7714
Spain,ESP,2005,906.24615
Spain,ESP,2006,898.3019
Spain,ESP,2007,905.739
Spain,ESP,2008,866.6593
Spain,ESP,2009,814.51135
Spain,ESP,2010,794.1013
Spain,ESP,2011,757.2665
Spain,ESP,2012,700.0071
Spain,ESP,2013,675.85834
Spain,ESP,2014,678.84143
Spain,ESP,2015,701.32794
Spain,ESP,2016,719.22076
Spain,ESP,2017,723.65344
Spain,ESP,2018,733.6454
Spain,ESP,2019,735.607
Spain,ESP,2020,591.8298
Spain,ESP,2021,654.14606
Spain,ESP,2022,726.3689
Spain,ESP,2023,697.13385
Spain,ESP,2024,740.84406
Sri Lanka,LKA,1965,9.374515
Sri Lanka,LKA,1966,9.601324
Sri Lanka,LKA,1967,9.834314
Sri Lanka,LKA,1968,10.081403
Sri Lanka,LKA,1969,10.303509
Sri Lanka,LKA,1970,17.57452
Sri Lanka,LKA,1971,17.690096
Sri Lanka,LKA,1972,18.611622
Sri Lanka,LKA,1973,19.797039
Sri Lanka,LKA,1974,15.812426
Sri Lanka,LKA,1975,16.39198
Sri Lanka,LKA,1976,15.96242
Sri Lanka,LKA,1977,17.061384
Sri Lanka,LKA,1978,17.61727
Sri Lanka,LKA,1979,18.467768
Sri Lanka,LKA,1980,18.610117
Sri Lanka,LKA,1981,19.500782
Sri Lanka,LKA,1982,21.070389
Sri Lanka,LKA,1983,21.86579
Sri Lanka,LKA,1984,20.623968
Sri Lanka,LKA,1985,18.36743
Sri Lanka,LKA,1986,19.134302
Sri Lanka,LKA,1987,21.290077
Sri Lanka,LKA,1988,19.793789
Sri Lanka,LKA,1989,18.507244
Sri Lanka,LKA,1990,20.58785
Sri Lanka,LKA,1991,20.604216
Sri Lanka,LKA,1992,23.416906
Sri Lanka,LKA,1993,23.671654
Sri Lanka,LKA,1994,25.714018
Sri Lanka,LKA,1995,27.378433
Sri Lanka,LKA,1996,33.236603
Sri Lanka,LKA,1997,34.040123
Sri Lanka,LKA,1998,35.576878
Sri Lanka,LKA,1999,38.35613
Sri Lanka,LKA,2000,44.056526
Sri Lanka,LKA,2001,42.859436
Sri Lanka,LKA,2002,45.48564
Sri Lanka,LKA,2003,44.725185
Sri Lanka,LKA,2004,44.74943
Sri Lanka,LKA,2005,51.173447
Sri Lanka,LKA,2006,52.58453
Sri Lanka,LKA,2007,55.728626
Sri Lanka,LKA,2008,51.22881
Sri Lanka,LKA,2009,52.808617
Sri Lanka,LKA,2010,52.980663
Sri Lanka,LKA,2011,59.077347
Sri Lanka,LKA,2012,63.094196
Sri Lanka,LKA,2013,53.987404
Sri Lanka,LKA,2014,61.876884
Sri Lanka,LKA,2015,59.54911
Sri Lanka,LKA,2016,72.91467
Sri Lanka,LKA,2017,78.41371
Sri Lanka,LKA,2018,78.14474
Sri Lanka,LKA,2019,81.44221
Sri Lanka,LKA,2020,68.93846
Sri Lanka,LKA,2021,65.32312
Sri Lanka,LKA,2022,55.178627
Sri Lanka,LKA,2023,61.568634
Sri Lanka,LKA,2024,64.83041
Sweden,SWE,1965,229.70325
Sweden,SWE,1966,259.65668
Sweden,SWE,1967,258.7804
Sweden,SWE,1968,292.71017
Sweden,SWE,1969,313.51508
Sweden,SWE,1970,341.1421
Sweden,SWE,1971,320.8071
Sweden,SWE,1972,329.2851
Sweden,SWE,1973,336.5918
Sweden,SWE,1974,302.3185
Sweden,SWE,1975,301.4847
Sweden,SWE,1976,332.42618
Sweden,SWE,1977,322.3305
Sweden,SWE,1978,389.0616
Sweden,SWE,1979,418.84644
Sweden,SWE,1980,369.6262
Sweden,SWE,1981,332.4578
Sweden,SWE,1982,309.068
Sweden,SWE,1983,268.6586
Sweden,SWE,1984,256.70612
Sweden,SWE,1985,275.22202
Sweden,SWE,1986,293.94498
Sweden,SWE,1987,253.78845
Sweden,SWE,1988,237.56392
Sweden,SWE,1989,228.21938
Sweden,SWE,1990,189.63515
Sweden,SWE,1991,191.26495
Sweden,SWE,1992,207.7154
Sweden,SWE,1993,205.3306
Sweden,SWE,1994,219.89215
Sweden,SWE,1995,218.79678
Sweden,SWE,1996,235.02121
Sweden,SWE,1997,222.36334
Sweden,SWE,1998,226.84012
Sweden,SWE,1999,222.96231
Sweden,SWE,2000,204.42044
Sweden,SWE,2001,205.10725
Sweden,SWE,2002,205.5297
Sweden,SWE,2003,205.91388
Sweden,SWE,2004,204.07948
Sweden,SWE,2005,196.89734
Sweden,SWE,2006,195.63448
Sweden,SWE,2007,191.29031
Sweden,SWE,2008,187.61043
Sweden,SWE,2009,174.76619
Sweden,SWE,2010,182.26927
Sweden,SWE,2011,168.6092
Sweden,SWE,2012,161.83508
Sweden,SWE,2013,158.01923
Sweden,SWE,2014,155.69562
Sweden,SWE,2015,153.64815
Sweden,SWE,2016,158.83817
Sweden,SWE,2017,161.7447
Sweden,SWE,2018,142.69774
Sweden,SWE,2019,145.29596
Sweden,SWE,2020,134.4504
Sweden,SWE,2021,147.19507
Sweden,SWE,2022,132.62907
Sweden,SWE,2023,129.90118
Sweden,SWE,2024,135.9088
Switzerland,CHE,1965,96.37957
Switzerland,CHE,1966,102.46806
Switzerland,CHE,1967,110.83246
Switzerland,CHE,1968,122.93266
Switzerland,CHE,1969,133.68282
Switzerland,CHE,1970,149.8176
Switzerland,CHE,1971,158.97957
Switzerland,CHE,1972,162.9895
Switzerland,CHE,1973,175.4158
Switzerland,CHE,1974,156.1069
Switzerland,CHE,1975,150.11577
Switzerland,CHE,1976,156.01619
Switzerland,CHE,1977,156.82472
Switzerland,CHE,1978,160.81918
Switzerland,CHE,1979,154.1364
Switzerland,CHE,1980,154.01991
Switzerland,CHE,1981,142.52437
Switzerland,CHE,1982,134.65762
Switzerland,CHE,1983,147.33458
Switzerland,CHE,1984,142.62831
Switzerland,CHE,1985,145.1502
Switzerland,CHE,1986,158.84816
Switzerland,CHE,1987,149.62581
Switzerland,CHE,1988,150.06097
Switzerland,CHE,1989,143.99309
Switzerland,CHE,1990,154.29774
Switzerland,CHE,1991,156.95247
Switzerland,CHE,1992,159.13806
Switzerland,CHE,1993,149.1138
Switzerland,CHE,1994,154.10162
Switzerland,CHE,1995,142.8001
Switzerland,CHE,1996,147.92401
Switzerland,CHE,1997,155.62619
Switzerland,CHE,1998,157.54512
Switzerland,CHE,1999,152.87433
Switzerland,CHE,2000,148.28627
Switzerland,CHE,2001,158.6958
Switzerland,CHE,2002,150.41983
Switzerland,CHE,2003,146.38762
Switzerland,CHE,2004,149.64418
Switzerland,CHE,2005,150.2359
Switzerland,CHE,2006,149.46095
Switzerland,CHE,2007,143.28651
Switzerland,CHE,2008,148.41432
Switzerland,CHE,2009,144.2638
Switzerland,CHE,2010,147.44974
Switzerland,CHE,2011,136.49957
Switzerland,CHE,2012,139.24573
Switzerland,CHE,2013,141.59218
Switzerland,CHE,2014,128.45525
Switzerland,CHE,2015,129.56079
Switzerland,CHE,2016,122.34929
Switzerland,CHE,2017,125.38493
Switzerland,CHE,2018,120.37151
Switzerland,CHE,2019,123.53284
Switzerland,CHE,2020,102.537796
Switzerland,CHE,2021,102.78785
Switzerland,CHE,2022,105.80339
Switzerland,CHE,2023,107.32253
Switzerland,CHE,2024,107.36002
Taiwan,TWN,1965,25.688173
Taiwan,TWN,1966,30.388777
Taiwan,TWN,1967,36.092865
Taiwan,TWN,1968,43.046482
Taiwan,TWN,1969,51.549316
Taiwan,TWN,1970,61.906006
Taiwan,TWN,1971,86.65054
Taiwan,TWN,1972,93.771324
Taiwan,TWN,1973,119.62499
Taiwan,TWN,1974,107.38309
Taiwan,TWN,1975,124.44162
Taiwan,TWN,1976,160.90163
Taiwan,TWN,1977,177.99304
Taiwan,TWN,1978,208.59233
Taiwan,TWN,1979,209.5899
Taiwan,TWN,1980,217.76823
Taiwan,TWN,1981,191.7103
Taiwan,TWN,1982,214.84836
Taiwan,TWN,1983,216.6807
Taiwan,TWN,1984,207.55226
Taiwan,TWN,1985,205.69662
Taiwan,TWN,1986,229.2053
Taiwan,TWN,1987,241.05962
Taiwan,TWN,1988,281.14557
Taiwan,TWN,1989,312.6395
Taiwan,TWN,1990,324.52747
Taiwan,TWN,1991,336.49118
Taiwan,TWN,1992,349.96964
Taiwan,TWN,1993,372.70914
Taiwan,TWN,1994,396.74847
Taiwan,TWN,1995,431.46832
Taiwan,TWN,1996,431.26074
Taiwan,TWN,1997,442.6407
Taiwan,TWN,1998,457.71848
Taiwan,TWN,1999,490.06985
Taiwan,TWN,2000,500.49252
Taiwan,TWN,2001,518.60944
Taiwan,TWN,2002,518.4633
Taiwan,TWN,2003,542.0757
Taiwan,TWN,2004,554.1194
Taiwan,TWN,2005,557.9412
Taiwan,TWN,2006,562.3801
Taiwan,TWN,2007,583.01483
Taiwan,TWN,2008,545.44495
Taiwan,TWN,2009,532.042
Taiwan,TWN,2010,555.73676
Taiwan,TWN,2011,517.7095
Taiwan,TWN,2012,509.28372
Taiwan,TWN,2013,521.8908
Taiwan,TWN,2014,538.7605
Taiwan,TWN,2015,553.8144
Taiwan,TWN,2016,554.21246
Taiwan,TWN,2017,550.433
Taiwan,TWN,2018,544.25696
Taiwan,TWN,2019,513.06757
Taiwan,TWN,2020,490.9263
Taiwan,TWN,2021,519.6228
Taiwan,TWN,2022,478.72687
Taiwan,TWN,2023,452.22775
Taiwan,TWN,2024,447.92062
Thailand,THA,1965,27.69635
Thailand,THA,1966,32.691463
Thailand,THA,1967,36.284153
Thailand,THA,1968,47.828484
Thailand,THA,1969,51.799706
Thailand,THA,1970,60.30306
Thailand,THA,1971,67.13238
Thailand,THA,1972,84.27273
Thailand,THA,1973,89.21048
Thailand,THA,1974,90.820015
Thailand,THA,1975,98.46377
Thailand,THA,1976,103.67075
Thailand,THA,1977,116.48012
Thailand,THA,1978,127.90059
Thailand,THA,1979,130.51672
Thailand,THA,1980,136.36172
Thailand,THA,1981,128.82382
Thailand,THA,1982,116.8389
Thailand,THA,1983,129.59941
Thailand,THA,1984,136.17995
Thailand,THA,1985,128.4832
Thailand,THA,1986,133.15419
Thailand,THA,1987,144.63412
Thailand,THA,1988,165.04605
Thailand,THA,1989,195.9122
Thailand,THA,1990,233.3252
Thailand,THA,1991,248.82846
Thailand,THA,1992,276.58047
Thailand,THA,1993,318.4565
Thailand,THA,1994,356.3868
Thailand,THA,1995,405.904
Thailand,THA,1996,449.2036
Thailand,THA,1997,451.55515
Thailand,THA,1998,409.96964
Thailand,THA,1999,431.1383
Thailand,THA,2000,418.93927
Thailand,THA,2001,414.40457
Thailand,THA,2002,448.20236
Thailand,THA,2003,491.36066
Thailand,THA,2004,544.5814
Thailand,THA,2005,543.1483
Thailand,THA,2006,539.1894
Thailand,THA,2007,533.2962
Thailand,THA,2008,502.64276
Thailand,THA,2009,518.4446
Thailand,THA,2010,534.345
Thailand,THA,2011,543.49225
Thailand,THA,2012,564.3662
Thailand,THA,2013,584.294
Thailand,THA,2014,590.7018
Thailand,THA,2015,604.4171
Thailand,THA,2016,625.278
Thailand,THA,2017,644.63403
Thailand,THA,2018,658.427
Thailand,THA,2019,665.99725
Thailand,THA,2020,600.12463
Thailand,THA,2021,599.1502
Thailand,THA,2022,643.53
Thailand,THA,2023,639.6251
Thailand,THA,2024,659.746
Trinidad and Tobago,TTO,1965,22.197905
Trinidad and Tobago,TTO,1966,22.353634
Trinidad and Tobago,TTO,1967,23.321835
Trinidad and Tobago,TTO,1968,23.76879
Trinidad and Tobago,TTO,1969,24.918287
Trinidad and Tobago,TTO,1970,25.560862
Trinidad and Tobago,TTO,1971,26.413431
Trinidad and Tobago,TTO,1972,42.87166
Trinidad and Tobago,TTO,1973,43.14619
Trinidad and Tobago,TTO,1974,42.485165
Trinidad and Tobago,TTO,1975,32.481552
Trinidad and Tobago,TTO,1976,36.524597
Trinidad and Tobago,TTO,1977,35.655308
Trinidad and Tobago,TTO,1978,32.082752
Trinidad and Tobago,TTO,1979,24.694546
Trinidad and Tobago,TTO,1980,19.534754
Trinidad and Tobago,TTO,1981,19.360615
Trinidad and Tobago,TTO,1982,21.474905
Trinidad and Tobago,TTO,1983,18.668987
Trinidad and Tobago,TTO,1984,15.969291
Trinidad and Tobago,TTO,1985,16.895954
Trinidad and Tobago,TTO,1986,18.23386
Trinidad and Tobago,TTO,1987,12.22131
Trinidad and Tobago,TTO,1988,11.073575
Trinidad and Tobago,TTO,1989,9.94367
Trinidad and Tobago,TTO,1990,14.867244
Trinidad and Tobago,TTO,1991,13.957406
Trinidad and Tobago,TTO,1992,19.86267
Trinidad and Tobago,TTO,1993,17.295012
Trinidad and Tobago,TTO,1994,13.183907
Trinidad and Tobago,TTO,1995,15.0534
Trinidad and Tobago,TTO,1996,17.402937
Trinidad and Tobago,TTO,1997,10.274356
Trinidad and Tobago,TTO,1998,11.790197
Trinidad and Tobago,TTO,1999,20.85421
Trinidad and Tobago,TTO,2000,17.415867
Trinidad and Tobago,TTO,2001,17.940031
Trinidad and Tobago,TTO,2002,19.45226
Trinidad and Tobago,TTO,2003,19.539343
Trinidad and Tobago,TTO,2004,20.99403
Trinidad and Tobago,TTO,2005,23.400255
Trinidad and Tobago,TTO,2006,24.092281
Trinidad and Tobago,TTO,2007,24.855906
Trinidad and Tobago,TTO,2008,26.43232
Trinidad and Tobago,TTO,2009,25.535719
Trinidad and Tobago,TTO,2010,26.108171
Trinidad and Tobago,TTO,2011,25.714266
Trinidad and Tobago,TTO,2012,23.543278
Trinidad and Tobago,TTO,2013,25.005686
Trinidad and Tobago,TTO,2014,23.71663
Trinidad and Tobago,TTO,2015,25.57151
Trinidad and Tobago,TTO,2016,26.311125
Trinidad and Tobago,TTO,2017,23.557047
Trinidad and Tobago,TTO,2018,20.274511
Trinidad and Tobago,TTO,2019,20.45355
Trinidad and Tobago,TTO,2020,17.470394
Trinidad and Tobago,TTO,2021,17.05173
Trinidad and Tobago,TTO,2022,18.339703
Trinidad and Tobago,TTO,2023,18.70825
Trinidad and Tobago,TTO,2024,19.08625
Turkey,TUR,1965,41.988743
Turkey,TUR,1966,50.11611
Turkey,TUR,1967,58.8478
Turkey,TUR,1968,70.703316
Turkey,TUR,1969,78.65872
Turkey,TUR,1970,83.33808
Turkey,TUR,1971,98.7893
Turkey,TUR,1972,111.98644
Turkey,TUR,1973,136.55547
Turkey,TUR,1974,132.87135
Turkey,TUR,1975,146.75865
Turkey,TUR,1976,165.77588
Turkey,TUR,1977,187.71225
Turkey,TUR,1978,201.57695
Turkey,TUR,1979,179.0935
Turkey,TUR,1980,182.70168
Turkey,TUR,1981,180.02922
Turkey,TUR,1982,192.67787
Turkey,TUR,1983,202.6174
Turkey,TUR,1984,201.63646
Turkey,TUR,1985,211.20892
Turkey,TUR,1986,228.74448
Turkey,TUR,1987,258.14014
Turkey,TUR,1988,274.34244
Turkey,TUR,1989,258.52664
Turkey,TUR,1990,273.813
Turkey,TUR,1991,266.88058
Turkey,TUR,1992,282.05286
Turkey,TUR,1993,323.31287
Turkey,TUR,1994,309.1395
Turkey,TUR,1995,346.67908
Turkey,TUR,1996,362.10272
Turkey,TUR,1997,356.59906
Turkey,TUR,1998,355.67706
Turkey,TUR,1999,354.10962
Turkey,TUR,2000,370.6987
Turkey,TUR,2001,344.8432
Turkey,TUR,2002,369.48154
Turkey,TUR,2003,363.70947
Turkey,TUR,2004,371.83334
Turkey,TUR,2005,367.38208
Turkey,TUR,2006,381.82663
Turkey,TUR,2007,388.8999
Turkey,TUR,2008,382.55893
Turkey,TUR,2009,389.52692
Turkey,TUR,2010,374.55405
Turkey,TUR,2011,364.07852
Turkey,TUR,2012,383.57196
Turkey,TUR,2013,412.15067
Turkey,TUR,2014,423.3022
Turkey,TUR,2015,498.6641
Turkey,TUR,2016,533.83057
Turkey,TUR,2017,578.77844
Turkey,TUR,2018,579.38214
Turkey,TUR,2019,576.5308
Turkey,TUR,2020,547.5774
Turkey,TUR,2021,581.60455
Turkey,TUR,2022,606.453
Turkey,TUR,2023,645.44495
Turkey,TUR,2024,658.2925
Turkmenistan,TKM,1985,57.599358
Turkmenistan,TKM,1986,41.931847
Turkmenistan,TKM,1987,41.88782
Turkmenistan,TKM,1988,41.857544
Turkmenistan,TKM,1989,41.815014
Turkmenistan,TKM,1990,63.933147
Turkmenistan,TKM,1991,51.543907
Turkmenistan,TKM,1992,48.134792
Turkmenistan,TKM,1993,38.993748
Turkmenistan,TKM,1994,39.29374
Turkmenistan,TKM,1995,28.27877
Turkmenistan,TKM,1996,38.142937
Turkmenistan,TKM,1997,39.10062
Turkmenistan,TKM,1998,37.345898
Turkmenistan,TKM,1999,30.962416
Turkmenistan,TKM,2000,58.658604
Turkmenistan,TKM,2001,46.71169
Turkmenistan,TKM,2002,55.35714
Turkmenistan,TKM,2003,51.781166
Turkmenistan,TKM,2004,72.59852
Turkmenistan,TKM,2005,58.77116
Turkmenistan,TKM,2006,60.105183
Turkmenistan,TKM,2007,54.302277
Turkmenistan,TKM,2008,75.97854
Turkmenistan,TKM,2009,55.497684
Turkmenistan,TKM,2010,64.037384
Turkmenistan,TKM,2011,59.614662
Turkmenistan,TKM,2012,86.17621
Turkmenistan,TKM,2013,74.325294
Turkmenistan,TKM,2014,84.05571
Turkmenistan,TKM,2015,68.36242
Turkmenistan,TKM,2016,97.487724
Turkmenistan,TKM,2017,75.959015
Turkmenistan,TKM,2018,81.45767
Turkmenistan,TKM,2019,73.18048
Turkmenistan,TKM,2020,101.7023
Turkmenistan,TKM,2021,86.91435
Turkmenistan,TKM,2022,96.37978
Turkmenistan,TKM,2023,85.46738
Turkmenistan,TKM,2024,85.90749
USSR,OWID_USS,1965,1994.8496
USSR,OWID_USS,1966,2136.2473
USSR,OWID_USS,1967,2327.5437
USSR,OWID_USS,1968,2481.1162
USSR,OWID_USS,1969,2638.379
USSR,OWID_USS,1970,2904.4417
USSR,OWID_USS,1971,3079.17
USSR,OWID_USS,1972,3339.661
USSR,OWID_USS,1973,3590.3984
USSR,OWID_USS,1974,3944.1707
USSR,OWID_USS,1975,4134.5967
USSR,OWID_USS,1976,4248.6206
USSR,OWID_USS,1977,4418.7495
USSR,OWID_USS,1978,4689.1055
USSR,OWID_USS,1979,4771.3433
USSR,OWID_USS,1980,5001.7017
USSR,OWID_USS,1981,5045.3105
USSR,OWID_USS,1982,5008.4785
USSR,OWID_USS,1983,4935.318
USSR,OWID_USS,1984,4936.03
Ukraine,UKR,1985,759.8965
Ukraine,UKR,1986,762.5025
Ukraine,UKR,1987,792.7689
Ukraine,UKR,1988,728.00604
Ukraine,UKR,1989,695.8076
Ukraine,UKR,1990,771.84216
Ukraine,UKR,1991,739.8972
Ukraine,UKR,1992,474.0513
Ukraine,UKR,1993,341.12875
Ukraine,UKR,1994,294.87924
Ukraine,UKR,1995,305.8107
Ukraine,UKR,1996,189.81409
Ukraine,UKR,1997,219.58102
Ukraine,UKR,1998,200.8744
Ukraine,UKR,1999,151.31075
Ukraine,UKR,2000,142.37785
Ukraine,UKR,2001,157.05496
Ukraine,UKR,2002,159.51822
Ukraine,UKR,2003,165.02756
Ukraine,UKR,2004,165.99037
Ukraine,UKR,2005,170.23021
Ukraine,UKR,2006,174.57892
Ukraine,UKR,2007,180.38002
Ukraine,UKR,2008,172.89476
Ukraine,UKR,2009,168.17966
Ukraine,UKR,2010,161.75578
Ukraine,UKR,2011,161.0955
Ukraine,UKR,2012,159.76318
Ukraine,UKR,2013,151.43329
Ukraine,UKR,2014,133.5871
Ukraine,UKR,2015,119.473564
Ukraine,UKR,2016,125.16151
Ukraine,UKR,2017,125.789345
Ukraine,UKR,2018,130.70653
Ukraine,UKR,2019,128.96898
Ukraine,UKR,2020,121.78443
Ukraine,UKR,2021,123.14044
Ukraine,UKR,2022,107.29504
Ukraine,UKR,2023,109.06072
Ukraine,UKR,2024,110.54012
United Arab Emirates,ARE,1965,0.85453314
United Arab Emirates,ARE,1966,0.9120412
United Arab Emirates,ARE,1967,0.98025596
United Arab Emirates,ARE,1968,1.094713
United Arab Emirates,ARE,1969,1.2164251
United Arab Emirates,ARE,1970,1.4155911
United Arab Emirates,ARE,1971,1.6705306
United Arab Emirates,ARE,1972,2.1951501
United Arab Emirates,ARE,1973,3.425611
United Arab Emirates,ARE,1974,4.745511
United Arab Emirates,ARE,1975,7.674208
United Arab Emirates,ARE,1976,11.275236
United Arab Emirates,ARE,1977,16.6765
United Arab Emirates,ARE,1978,18.40331
United Arab Emirates,ARE,1979,25.050383
United Arab Emirates,ARE,1980,60.186417
United Arab Emirates,ARE,1981,65.38087
United Arab Emirates,ARE,1982,72.39598
United Arab Emirates,ARE,1983,72.50278
United Arab Emirates,ARE,1984,82.79179
United Arab Emirates,ARE,1985,102.96353
United Arab Emirates,ARE,1986,124.55972
United Arab Emirates,ARE,1987,136.3821
United Arab Emirates,ARE,1988,163.62752
United Arab Emirates,ARE,1989,171.78244
United Arab Emirates,ARE,1990,180.0802
United Arab Emirates,ARE,1991,222.32744
United Arab Emirates,ARE,1992,223.88318
United Arab Emirates,ARE,1993,231.98035
United Arab Emirates,ARE,1994,243.25163
United Arab Emirates,ARE,1995,243.1685
United Arab Emirates,ARE,1996,234.97542
United Arab Emirates,ARE,1997,238.7064
United Arab Emirates,ARE,1998,237.81038
United Arab Emirates,ARE,1999,232.02397
United Arab Emirates,ARE,2000,229.3394
United Arab Emirates,ARE,2001,226.62102
United Arab Emirates,ARE,2002,235.30664
United Arab Emirates,ARE,2003,260.5353
United Arab Emirates,ARE,2004,281.55588
United Arab Emirates,ARE,2005,292.91925
United Arab Emirates,ARE,2006,315.25778
United Arab Emirates,ARE,2007,337.40207
United Arab Emirates,ARE,2008,354.68753
United Arab Emirates,ARE,2009,346.49158
United Arab Emirates,ARE,2010,372.0713
United Arab Emirates,ARE,2011,399.33887
United Arab Emirates,ARE,2012,418.64893
United Arab Emirates,ARE,2013,464.9305
United Arab Emirates,ARE,2014,472.73764
United Arab Emirates,ARE,2015,489.71716
United Arab Emirates,ARE,2016,531.9051
United Arab Emirates,ARE,2017,528.5774
United Arab Emirates,ARE,2018,526.05664
United Arab Emirates,ARE,2019,516.4725
United Arab Emirates,ARE,2020,465.21024
United Arab Emirates,ARE,2021,514.36237
United Arab Emirates,ARE,2022,590.3025
United Arab Emirates,ARE,2023,610.67566
United Arab Emirates,ARE,2024,636.5768
United Kingdom,GBR,1965,885.71954
United Kingdom,GBR,1966,948.91583
United Kingdom,GBR,1967,1019.7785
United Kingdom,GBR,1968,1079.4958
United Kingdom,GBR,1969,1160.3402
United Kingdom,GBR,1970,1228.7844
United Kingdom,GBR,1971,1235.2861
United Kingdom,GBR,1972,1309.8104
United Kingdom,GBR,1973,1344.5009
United Kingdom,GBR,1974,1248.8663
United Kingdom,GBR,1975,1092.2395
United Kingdom,GBR,1976,1085.8422
United Kingdom,GBR,1977,1094.9343
United Kingdom,GBR,1978,1123.2587
United Kingdom,GBR,1979,1133.3358
United Kingdom,GBR,1980,969.12396
United Kingdom,GBR,1981,897.2701
United Kingdom,GBR,1982,907.5991
United Kingdom,GBR,1983,872.7711
United Kingdom,GBR,1984,1072.8423
United Kingdom,GBR,1985,932.16473
United Kingdom,GBR,1986,934.29486
United Kingdom,GBR,1987,908.56946
United Kingdom,GBR,1988,966.5029
United Kingdom,GBR,1989,987.9981
United Kingdom,GBR,1990,1000.7211
United Kingdom,GBR,1991,996.0563
United Kingdom,GBR,1992,1007.1835
United Kingdom,GBR,1993,1012.2387
United Kingdom,GBR,1994,1001.6665
United Kingdom,GBR,1995,989.9536
United Kingdom,GBR,1996,1014.60156
United Kingdom,GBR,1997,985.44324
United Kingdom,GBR,1998,975.0302
United Kingdom,GBR,1999,962.24396
United Kingdom,GBR,2000,951.9543
United Kingdom,GBR,2001,947.54913
United Kingdom,GBR,2002,940.2433
United Kingdom,GBR,2003,947.68243
United Kingdom,GBR,2004,973.8138
United Kingdom,GBR,2005,1001.7658
United Kingdom,GBR,2006,991.9008
United Kingdom,GBR,2007,964.1758
United Kingdom,GBR,2008,944.1476
United Kingdom,GBR,2009,903.338
United Kingdom,GBR,2010,891.57886
United Kingdom,GBR,2011,868.94165
United Kingdom,GBR,2012,849.1105
United Kingdom,GBR,2013,840.3036
United Kingdom,GBR,2014,838.9754
United Kingdom,GBR,2015,849.98486
United Kingdom,GBR,2016,873.85614
United Kingdom,GBR,2017,884.00006
United Kingdom,GBR,2018,870.51447
United Kingdom,GBR,2019,846.47516
United Kingdom,GBR,2020,666.9992
United Kingdom,GBR,2021,681.0371
United Kingdom,GBR,2022,730.23615
United Kingdom,GBR,2023,741.4178
United Kingdom,GBR,2024,744.1602
United States,USA,1965,6414.477
United States,USA,1966,6731.245
United States,USA,1967,6988.794
United States,USA,1968,7457.961
United States,USA,1969,7831.838
United States,USA,1970,8176.1914
United States,USA,1971,8461.684
United States,USA,1972,9119.912
United States,USA,1973,9655.255
United States,USA,1974,9271.507
United States,USA,1975,9049.839
United States,USA,1976,9729.595
United States,USA,1977,10271.533
United States,USA,1978,10501.414
United States,USA,1979,10257.833
United States,USA,1980,9453.472
United States,USA,1981,8812.755
United States,USA,1982,8350.531
United States,USA,1983,8311.476
United States,USA,1984,8573.317
United States,USA,1985,8540.438
United States,USA,1986,8955.2295
United States,USA,1987,9141.365
United States,USA,1988,9520.579
United States,USA,1989,9516.244
United States,USA,1990,9309.47
United States,USA,1991,9111.919
United States,USA,1992,9301.152
United States,USA,1993,9382.407
United States,USA,1994,9623.489
United States,USA,1995,9600.031
United States,USA,1996,9951.113
United States,USA,1997,10083.609
United States,USA,1998,10251.976
United States,USA,1999,10537.0625
United States,USA,2000,10654.942
United States,USA,2001,10642.425
United States,USA,2002,10641.834
United States,USA,2003,10806.655
United States,USA,2004,11199.437
United States,USA,2005,11216.509
United States,USA,2006,11072.753
United States,USA,2007,11004.68
United States,USA,2008,10275.43
United States,USA,2009,9742.241
United States,USA,2010,9892.91
United States,USA,2011,9697.58
United States,USA,2012,9472.091
United States,USA,2013,9628.432
United States,USA,2014,9692.96
United States,USA,2015,9891.111
United States,USA,2016,9965.476
United States,USA,2017,10062.591
United States,USA,2018,10303.763
United States,USA,2019,10287.684
United States,USA,2020,9035.32
United States,USA,2021,9868.985
United States,USA,2022,9930.587
United States,USA,2023,9967.948
United States,USA,2024,9948.951
Upper-middle-income countries,OWID_UMC,1965,3329.4114
Upper-middle-income countries,OWID_UMC,1966,3596.1948
Upper-middle-income countries,OWID_UMC,1967,3843.9556
Upper-middle-income countries,OWID_UMC,1968,4142.023
Upper-middle-income countries,OWID_UMC,1969,4444.616
Upper-middle-income countries,OWID_UMC,1970,4902.787
Upper-middle-income countries,OWID_UMC,1971,5320.88
Upper-middle-income countries,OWID_UMC,1972,5828.4385
Upper-middle-income countries,OWID_UMC,1973,6412.7993
Upper-middle-income countries,OWID_UMC,1974,7004.9946
Upper-middle-income countries,OWID_UMC,1975,7397.2593
Upper-middle-income countries,OWID_UMC,1976,7815.448
Upper-middle-income countries,OWID_UMC,1977,8240.853
Upper-middle-income countries,OWID_UMC,1978,8793.725
Upper-middle-income countries,OWID_UMC,1979,9027.863
Upper-middle-income countries,OWID_UMC,1980,9270.684
Upper-middle-income countries,OWID_UMC,1981,9318.532
Upper-middle-income countries,OWID_UMC,1982,9349.479
Upper-middle-income countries,OWID_UMC,1983,9351.561
Upper-middle-income countries,OWID_UMC,1984,9493.331
Upper-middle-income countries,OWID_UMC,1985,6160.726
Upper-middle-income countries,OWID_UMC,1986,6324.1772
Upper-middle-income countries,OWID_UMC,1987,6562.788
Upper-middle-income countries,OWID_UMC,1988,6707.5864
Upper-middle-income countries,OWID_UMC,1989,6855.4707
Upper-middle-income countries,OWID_UMC,1990,7207.216
Upper-middle-income countries,OWID_UMC,1991,7322.34
Upper-middle-income countries,OWID_UMC,1992,7392.0312
Upper-middle-income countries,OWID_UMC,1993,7569.861
Upper-middle-income countries,OWID_UMC,1994,7736.404
Upper-middle-income countries,OWID_UMC,1995,7985.125
Upper-middle-income countries,OWID_UMC,1996,8257.221
Upper-middle-income countries,OWID_UMC,1997,8808.399
Upper-middle-income countries,OWID_UMC,1998,8710.729
Upper-middle-income countries,OWID_UMC,1999,8758.438
Upper-middle-income countries,OWID_UMC,2000,9287.413
Upper-middle-income countries,OWID_UMC,2001,9409.97
Upper-middle-income countries,OWID_UMC,2002,9650.233
Upper-middle-income countries,OWID_UMC,2003,10014.726
Upper-middle-income countries,OWID_UMC,2004,10934.494
Upper-middle-income countries,OWID_UMC,2005,11192.446
Upper-middle-income countries,OWID_UMC,2006,11594.432
Upper-middle-income countries,OWID_UMC,2007,12019.168
Upper-middle-income countries,OWID_UMC,2008,12279.178
Upper-middle-income countries,OWID_UMC,2009,12346.199
Upper-middle-income countries,OWID_UMC,2010,13145.131
Upper-middle-income countries,OWID_UMC,2011,13609.502
Upper-middle-income countries,OWID_UMC,2012,14302.905
Upper-middle-income countries,OWID_UMC,2013,14773.277
Upper-middle-income countries,OWID_UMC,2014,14884.88
Upper-middle-income countries,OWID_UMC,2015,15062.941
Upper-middle-income countries,OWID_UMC,2016,15320.436
Upper-middle-income countries,OWID_UMC,2017,15760.807
Upper-middle-income countries,OWID_UMC,2018,16020.69
Upper-middle-income countries,OWID_UMC,2019,16369.453
Upper-middle-income countries,OWID_UMC,2020,15539.962
Upper-middle-income countries,OWID_UMC,2021,16322.584
Upper-middle-income countries,OWID_UMC,2022,16889.982
Upper-middle-income countries,OWID_UMC,2023,17917.701
Upper-middle-income countries,OWID_UMC,2024,17849.215
Uzbekistan,UZB,1985,121.316246
Uzbekistan,UZB,1986,123.91321
Uzbekistan,UZB,1987,125.95904
Uzbekistan,UZB,1988,130.77919
Uzbekistan,UZB,1989,132.4572
Uzbekistan,UZB,1990,130.16013
Uzbekistan,UZB,1991,123.54609
Uzbekistan,UZB,1992,98.575935
Uzbekistan,UZB,1993,87.02527
Uzbekistan,UZB,1994,75.798004
Uzbekistan,UZB,1995,77.462296
Uzbekistan,UZB,1996,75.81016
Uzbekistan,UZB,1997,81.941
Uzbekistan,UZB,1998,80.49694
Uzbekistan,UZB,1999,78.44137
Uzbekistan,UZB,2000,79.69032
Uzbekistan,UZB,2001,78.66739
Uzbekistan,UZB,2002,78.058655
Uzbekistan,UZB,2003,69.28875
Uzbekistan,UZB,2004,66.60954
Uzbekistan,UZB,2005,62.924286
Uzbekistan,UZB,2006,64.42179
Uzbekistan,UZB,2007,61.70446
Uzbekistan,UZB,2008,58.053787
Uzbekistan,UZB,2009,54.283447
Uzbekistan,UZB,2010,53.253044
Uzbekistan,UZB,2011,50.73226
Uzbekistan,UZB,2012,50.27479
Uzbekistan,UZB,2013,47.01049
Uzbekistan,UZB,2014,45.55126
Uzbekistan,UZB,2015,45.713093
Uzbekistan,UZB,2016,51.62207
Uzbekistan,UZB,2017,52.311237
Uzbekistan,UZB,2018,55.786903
Uzbekistan,UZB,2019,59.38364
Uzbekistan,UZB,2020,61.754055
Uzbekistan,UZB,2021,62.585205
Uzbekistan,UZB,2022,65.60801
Uzbekistan,UZB,2023,66.172714
Uzbekistan,UZB,2024,66.607376
Venezuela,VEN,1965,112.02376
Venezuela,VEN,1966,110.1053
Venezuela,VEN,1967,112.342155
Venezuela,VEN,1968,122.373314
Venezuela,VEN,1969,120.897606
Venezuela,VEN,1970,126.47978
Venezuela,VEN,1971,127.675095
Venezuela,VEN,1972,139.25276
Venezuela,VEN,1973,152.8878
Venezuela,VEN,1974,153.03568
Venezuela,VEN,1975,163.226
Venezuela,VEN,1976,162.08641
Venezuela,VEN,1977,181.66402
Venezuela,VEN,1978,190.12607
Venezuela,VEN,1979,203.9937
Venezuela,VEN,1980,246.92775
Venezuela,VEN,1981,261.63846
Venezuela,VEN,1982,258.5842
Venezuela,VEN,1983,252.51303
Venezuela,VEN,1984,236.95323
Venezuela,VEN,1985,242.40807
Venezuela,VEN,1986,252.81496
Venezuela,VEN,1987,240.25777
Venezuela,VEN,1988,248.76485
Venezuela,VEN,1989,242.61266
Venezuela,VEN,1990,244.9972
Venezuela,VEN,1991,232.8189
Venezuela,VEN,1992,277.84363
Venezuela,VEN,1993,250.98235
Venezuela,VEN,1994,280.13885
Venezuela,VEN,1995,269.93954
Venezuela,VEN,1996,219.43677
Venezuela,VEN,1997,237.40268
Venezuela,VEN,1998,221.13942
Venezuela,VEN,1999,247.98494
Venezuela,VEN,2000,274.5659
Venezuela,VEN,2001,310.38766
Venezuela,VEN,2002,326.44745
Venezuela,VEN,2003,277.97723
Venezuela,VEN,2004,299.73648
Venezuela,VEN,2005,323.6661
Venezuela,VEN,2006,349.98526
Venezuela,VEN,2007,366.5889
Venezuela,VEN,2008,406.01877
Venezuela,VEN,2009,426.13004
Venezuela,VEN,2010,429.24103
Venezuela,VEN,2011,444.8657
Venezuela,VEN,2012,482.2187
Venezuela,VEN,2013,489.14056
Venezuela,VEN,2014,452.41968
Venezuela,VEN,2015,395.10608
Venezuela,VEN,2016,347.05972
Venezuela,VEN,2017,298.7125
Venezuela,VEN,2018,237.62271
Venezuela,VEN,2019,234.65843
Venezuela,VEN,2020,135.11949
Venezuela,VEN,2021,145.3596
Venezuela,VEN,2022,174.954
Venezuela,VEN,2023,211.60698
Venezuela,VEN,2024,190.14568
Vietnam,VNM,1965,18.011541
Vietnam,VNM,1966,39.36429
Vietnam,VNM,1967,57.65242
Vietnam,VNM,1968,58.8141
Vietnam,VNM,1969,71.08363
Vietnam,VNM,1970,73.69463
Vietnam,VNM,1971,62.343384
Vietnam,VNM,1972,64.54946
Vietnam,VNM,1973,63.385326
Vietnam,VNM,1974,38.68622
Vietnam,VNM,1975,36.901665
Vietnam,VNM,1976,9.623759
Vietnam,VNM,1977,9.533664
Vietnam,VNM,1978,11.557438
Vietnam,VNM,1979,13.354331
Vietnam,VNM,1980,23.303205
Vietnam,VNM,1981,20.274591
Vietnam,VNM,1982,20.611074
Vietnam,VNM,1983,23.580103
Vietnam,VNM,1984,23.051208
Vietnam,VNM,1985,24.33014
Vietnam,VNM,1986,26.377874
Vietnam,VNM,1987,30.733547
Vietnam,VNM,1988,32.11995
Vietnam,VNM,1989,29.874668
Vietnam,VNM,1990,35.01246
Vietnam,VNM,1991,34.170475
Vietnam,VNM,1992,37.35379
Vietnam,VNM,1993,47.770557
Vietnam,VNM,1994,52.940754
Vietnam,VNM,1995,58.44378
Vietnam,VNM,1996,67.26731
Vietnam,VNM,1997,76.64519
Vietnam,VNM,1998,84.68616
Vietnam,VNM,1999,93.28242
Vietnam,VNM,2000,101.14568
Vietnam,VNM,2001,109.64855
Vietnam,VNM,2002,120.41934
Vietnam,VNM,2003,128.1303
Vietnam,VNM,2004,152.44135
Vietnam,VNM,2005,151.39885
Vietnam,VNM,2006,148.5098
Vietnam,VNM,2007,165.33597
Vietnam,VNM,2008,173.38486
Vietnam,VNM,2009,176.74895
Vietnam,VNM,2010,200.76204
Vietnam,VNM,2011,199.97871
Vietnam,VNM,2012,197.07022
Vietnam,VNM,2013,204.0846
Vietnam,VNM,2014,214.83351
Vietnam,VNM,2015,250.78255
Vietnam,VNM,2016,271.99347
Vietnam,VNM,2017,294.57553
Vietnam,VNM,2018,320.08734
Vietnam,VNM,2019,339.07135
Vietnam,VNM,2020,307.2974
Vietnam,VNM,2021,288.10876
Vietnam,VNM,2022,337.13995
Vietnam,VNM,2023,362.13962
Vietnam,VNM,2024,388.967
Western Africa (EI),,1965,49.667866
Western Africa (EI),,1966,51.230038
Western Africa (EI),,1967,52.564476
Western Africa (EI),,1968,54.598923
Western Africa (EI),,1969,59.50011
Western Africa (EI),,1970,62.9254
Western Africa (EI),,1971,77.30075
Western Africa (EI),,1972,81.8782
Western Africa (EI),,1973,91.57243
Western Africa (EI),,1974,95.69809
Western Africa (EI),,1975,104.71868
Western Africa (EI),,1976,116.04057
Western Africa (EI),,1977,129.75092
Western Africa (EI),,1978,139.18115
Western Africa (EI),,1979,148.82878
Western Africa (EI),,1980,159.16486
Western Africa (EI),,1981,176.7438
Western Africa (EI),,1982,186.70818
Western Africa (EI),,1983,174.63358
Western Africa (EI),,1984,159.49275
Western Africa (EI),,1985,166.45015
Western Africa (EI),,1986,153.99081
Western Africa (EI),,1987,164.75285
Western Africa (EI),,1988,171.25171
Western Africa (EI),,1989,176.02951
Western Africa (EI),,1990,170.81978
Western Africa (EI),,1991,182.37506
Western Africa (EI),,1992,199.34224
Western Africa (EI),,1993,197.33931
Western Africa (EI),,1994,197.71223
Western Africa (EI),,1995,200.069
Western Africa (EI),,1996,211.06271
Western Africa (EI),,1997,211.14369
Western Africa (EI),,1998,213.46274
Western Africa (EI),,1999,225.93132
Western Africa (EI),,2000,224.8339
Western Africa (EI),,2001,236.27277
Western Africa (EI),,2002,249.45576
Western Africa (EI),,2003,239.70407
Western Africa (EI),,2004,249.24232
Western Africa (EI),,2005,268.52173
Western Africa (EI),,2006,260.01053
Western Africa (EI),,2007,259.36856
Western Africa (EI),,2008,276.5589
Western Africa (EI),,2009,283.36356
Western Africa (EI),,2010,307.28406
Western Africa (EI),,2011,338.77103
Western Africa (EI),,2012,375.6517
Western Africa (EI),,2013,406.80792
Western Africa (EI),,2014,411.23526
Western Africa (EI),,2015,429.05524
Western Africa (EI),,2016,438.62332
Western Africa (EI),,2017,460.46097
Western Africa (EI),,2018,487.17697
Western Africa (EI),,2019,510.6498
Western Africa (EI),,2020,511.6357
Western Africa (EI),,2021,553.5626
Western Africa (EI),,2022,569.97485
Western Africa (EI),,2023,545.0293
Western Africa (EI),,2024,566.2898
World,OWID_WRL,1965,18011.457
World,OWID_WRL,1966,19426.414
World,OWID_WRL,1967,20778.916
World,OWID_WRL,1968,22510.49
World,OWID_WRL,1969,24445.395
World,OWID_WRL,1970,26684.725
World,OWID_WRL,1971,28116.584
World,OWID_WRL,1972,30335.396
World,OWID_WRL,1973,32730.184
World,OWID_WRL,1974,32230.395
World,OWID_WRL,1975,31996.514
World,OWID_WRL,1976,34061.47
World,OWID_WRL,1977,35194.34
World,OWID_WRL,1978,36709.973
World,OWID_WRL,1979,37177.996
World,OWID_WRL,1980,35568.645
World,OWID_WRL,1981,34289.96
World,OWID_WRL,1982,33270.01
World,OWID_WRL,1983,33097.43
World,OWID_WRL,1984,33623.6
World,OWID_WRL,1985,33684.684
World,OWID_WRL,1986,34710.477
World,OWID_WRL,1987,35508.195
World,OWID_WRL,1988,36641.938
World,OWID_WRL,1989,37215.688
World,OWID_WRL,1990,37906.816
World,OWID_WRL,1991,37876.832
World,OWID_WRL,1992,38404.773
World,OWID_WRL,1993,38246.242
World,OWID_WRL,1994,39068.176
World,OWID_WRL,1995,39666.37
World,OWID_WRL,1996,40576.63
World,OWID_WRL,1997,41652.086
World,OWID_WRL,1998,41788.617
World,OWID_WRL,1999,42435.785
World,OWID_WRL,2000,43016.63
World,OWID_WRL,2001,43398.32
World,OWID_WRL,2002,43697.09
World,OWID_WRL,2003,44610.883
World,OWID_WRL,2004,46413.184
World,OWID_WRL,2005,47016.887
World,OWID_WRL,2006,47436.953
World,OWID_WRL,2007,48087.52
World,OWID_WRL,2008,47692.652
World,OWID_WRL,2009,46633.97
World,OWID_WRL,2010,48192.543
World,OWID_WRL,2011,48578.273
World,OWID_WRL,2012,49362.21
World,OWID_WRL,2013,49922.812
World,OWID_WRL,2014,50336.395
World,OWID_WRL,2015,51294.03
World,OWID_WRL,2016,52314.516
World,OWID_WRL,2017,53263.332
World,OWID_WRL,2018,53792.79
World,OWID_WRL,2019,53997.266
World,OWID_WRL,2020,49101.246
World,OWID_WRL,2021,51846.82
World,OWID_WRL,2022,53562.11
World,OWID_WRL,2023,54838.684
World,OWID_WRL,2024,55292.082